Age_GTS2004,Age_GTS2012,Age_GTS2016,Age_GTS2020,Temperature,Temperature max,Temperature min,d18Osw,d18Osw max,d18Osw min,Temperature (long),Temperature max (long),Temperature min (long),d18Osw (long),d18Osw max (long),d18Osw min (long)
0.1,0.1,0.099,0.099,0.07,1.24,-1.32,0.093,0.443,-0.251,0.07,1.26,-1.31,0.159,0.492,-0.201
0.2,0.2,0.198,0.198,0.02,1.2,-1.37,0.087,0.435,-0.258,0.2,1.4,-1.19,0.161,0.496,-0.198
0.3,0.3,0.297,0.297,0.08,1.25,-1.32,0.108,0.445,-0.244,0.33,1.53,-1.06,0.164,0.5,-0.195
0.4,0.4,0.396,0.396,0.29,1.47,-1.1,0.164,0.487,-0.198,0.46,1.66,-0.94,0.166,0.504,-0.192
0.5,0.5,0.495,0.495,0.63,1.81,-0.76,0.24,0.548,-0.135,0.59,1.8,-0.82,0.168,0.508,-0.189
0.6,0.6,0.594,0.594,0.98,2.25,-0.44,0.3,0.619,-0.085,0.72,1.94,-0.69,0.171,0.512,-0.186
0.7,0.7,0.693,0.693,1.27,2.56,-0.19,0.323,0.656,-0.057,0.85,2.07,-0.57,0.174,0.517,-0.182
0.8,0.8,0.795,0.795,1.45,2.73,-0.01,0.303,0.655,-0.059,0.98,2.21,-0.44,0.178,0.521,-0.178
0.9,0.9,0.908,0.908,1.52,2.79,0.07,0.256,0.624,-0.088,1.12,2.35,-0.31,0.182,0.527,-0.174
1,1,1.018,1.018,1.47,2.72,0.05,0.195,0.567,-0.134,1.25,2.49,-0.18,0.186,0.533,-0.169
1.1,1.1,1.107,1.107,1.35,2.56,-0.03,0.13,0.495,-0.186,1.39,2.64,-0.05,0.191,0.539,-0.164
1.2,1.2,1.235,1.235,1.22,2.45,-0.2,0.076,0.443,-0.251,1.53,2.78,0.08,0.197,0.546,-0.159
1.3,1.3,1.328,1.328,1.14,2.38,-0.31,0.043,0.404,-0.295,1.67,2.93,0.21,0.201,0.552,-0.154
1.4,1.4,1.422,1.422,1.16,2.41,-0.27,0.035,0.393,-0.307,1.8,3.07,0.34,0.204,0.558,-0.15
1.5,1.5,1.515,1.515,1.29,2.58,-0.17,0.054,0.413,-0.297,1.94,3.21,0.47,0.207,0.563,-0.147
1.6,1.6,1.609,1.609,1.61,2.89,0.15,0.113,0.464,-0.244,2.07,3.35,0.59,0.209,0.567,-0.147
1.7,1.7,1.702,1.702,2.08,3.29,0.65,0.2,0.536,-0.153,2.2,3.49,0.71,0.21,0.569,-0.148
1.8,1.8,1.796,1.796,2.58,3.83,1.13,0.287,0.634,-0.066,2.33,3.62,0.83,0.211,0.571,-0.15
1.9,1.9,1.891,1.891,2.98,4.3,1.49,0.352,0.714,-0.01,2.46,3.77,0.94,0.211,0.573,-0.152
2,2,1.99,1.99,3.15,4.48,1.6,0.365,0.73,-0.006,2.6,3.91,1.07,0.212,0.576,-0.154
2.1,2.1,2.092,2.092,3.12,4.46,1.56,0.34,0.709,-0.035,2.74,4.07,1.19,0.212,0.58,-0.155
2.2,2.2,2.21,2.21,3.09,4.44,1.51,0.313,0.675,-0.068,2.88,4.22,1.32,0.212,0.583,-0.158
2.3,2.3,2.315,2.315,3.11,4.44,1.55,0.292,0.649,-0.086,3.02,4.37,1.44,0.211,0.584,-0.162
2.4,2.4,2.42,2.42,3.19,4.54,1.65,0.276,0.629,-0.105,3.15,4.51,1.56,0.206,0.582,-0.169
2.5,2.5,2.525,2.525,3.3,4.66,1.72,0.251,0.602,-0.138,3.26,4.63,1.66,0.198,0.577,-0.179
2.6,2.6,2.628,2.628,3.37,4.75,1.74,0.204,0.563,-0.191,3.36,4.74,1.75,0.187,0.567,-0.192
2.7,2.7,2.721,2.721,3.45,4.89,1.75,0.156,0.545,-0.241,3.45,4.83,1.83,0.172,0.553,-0.208
2.8,2.8,2.815,2.815,3.57,5.04,1.86,0.124,0.543,-0.265,3.52,4.91,1.9,0.154,0.535,-0.227
2.9,2.9,2.908,2.908,3.76,5.22,2.09,0.113,0.546,-0.252,3.59,4.98,1.96,0.134,0.515,-0.247
3,3,3.002,3.002,3.95,5.39,2.24,0.112,0.552,-0.252,3.64,5.03,2.01,0.113,0.494,-0.268
3.1,3.1,3.1,3.1,4.04,5.44,2.34,0.103,0.529,-0.264,3.7,5.08,2.07,0.092,0.472,-0.287
3.2,3.2,3.2,3.2,4.01,5.41,2.33,0.078,0.487,-0.298,3.75,5.14,2.13,0.073,0.452,-0.303
3.3,3.3,3.3,3.3,3.87,5.28,2.18,0.039,0.423,-0.353,3.82,5.19,2.2,0.057,0.433,-0.317
3.4,3.4,3.4,3.4,3.74,5.16,2.06,0,0.368,-0.406,3.88,5.25,2.28,0.044,0.418,-0.327
3.5,3.5,3.5,3.5,3.69,5.1,2.03,-0.027,0.327,-0.435,3.96,5.32,2.37,0.035,0.406,-0.333
3.6,3.6,3.6,3.6,3.73,5.15,2.1,-0.045,0.315,-0.438,4.04,5.39,2.46,0.032,0.398,-0.334
3.7,3.7,3.7,3.7,3.82,5.19,2.26,-0.055,0.301,-0.43,4.13,5.47,2.57,0.032,0.394,-0.331
3.8,3.8,3.8,3.8,3.94,5.25,2.43,-0.059,0.288,-0.413,4.23,5.56,2.68,0.037,0.394,-0.323
3.9,3.9,3.9,3.9,4.04,5.3,2.57,-0.06,0.284,-0.398,4.34,5.65,2.8,0.046,0.398,-0.313
4,4,4,4,4.12,5.35,2.69,-0.059,0.277,-0.387,4.45,5.75,2.93,0.057,0.404,-0.3
4.1,4.1,4.1,4.1,4.23,5.46,2.81,-0.051,0.284,-0.369,4.57,5.86,3.06,0.071,0.414,-0.284
4.2,4.2,4.2,4.2,4.37,5.63,2.92,-0.025,0.312,-0.351,4.69,5.97,3.19,0.087,0.427,-0.267
4.3,4.3,4.3,4.3,4.58,5.84,3.12,0.023,0.358,-0.31,4.82,6.09,3.33,0.104,0.443,-0.248
4.4,4.4,4.4,4.4,4.9,6.12,3.42,0.099,0.424,-0.24,4.94,6.21,3.46,0.122,0.46,-0.229
4.5,4.5,4.5,4.5,5.26,6.43,3.79,0.19,0.494,-0.155,5.06,6.32,3.58,0.14,0.479,-0.211
4.6,4.6,4.6,4.6,5.6,6.8,4.19,0.272,0.575,-0.074,5.18,6.44,3.7,0.158,0.498,-0.193
4.7,4.7,4.7,4.7,5.84,7.09,4.38,0.324,0.637,-0.038,5.28,6.54,3.8,0.175,0.515,-0.178
4.8,4.8,4.8,4.8,5.95,7.21,4.46,0.333,0.664,-0.027,5.36,6.63,3.88,0.19,0.531,-0.165
4.9,4.9,4.9,4.9,5.95,7.19,4.47,0.312,0.655,-0.043,5.43,6.7,3.95,0.203,0.545,-0.154
5,5,5,5,5.92,7.13,4.47,0.282,0.629,-0.064,5.49,6.76,4,0.214,0.556,-0.145
5.1,5.1,5.1,5.1,5.93,7.14,4.47,0.269,0.632,-0.079,5.53,6.8,4.04,0.222,0.563,-0.139
5.2,5.2,5.2,5.2,6,7.2,4.51,0.281,0.638,-0.071,5.55,6.83,4.06,0.228,0.568,-0.135
5.3,5.3,5.3,5.299,6.01,7.33,4.5,0.292,0.668,-0.075,5.57,6.84,4.07,0.23,0.569,-0.133
5.4,5.4,5.4,5.398,5.91,7.29,4.34,0.281,0.663,-0.106,5.56,6.83,4.07,0.229,0.567,-0.133
5.5,5.5,5.5,5.497,5.67,7.11,4.07,0.245,0.624,-0.157,5.55,6.81,4.06,0.226,0.562,-0.136
5.6,5.6,5.6,5.595,5.37,6.84,3.77,0.194,0.564,-0.209,5.53,6.79,4.04,0.22,0.554,-0.14
5.7,5.7,5.7,5.694,5.16,6.57,3.59,0.158,0.509,-0.245,5.5,6.75,4.02,0.213,0.545,-0.146
5.8,5.8,5.8,5.793,5.07,6.39,3.57,0.144,0.469,-0.24,5.46,6.71,3.98,0.204,0.534,-0.152
5.9,5.9,5.9,5.892,5.11,6.34,3.68,0.153,0.457,-0.207,5.42,6.66,3.95,0.196,0.523,-0.159
6,6,6,5.99,5.19,6.38,3.78,0.167,0.464,-0.168,5.39,6.62,3.92,0.188,0.511,-0.165
6.1,6.1,6.1,6.099,5.24,6.41,3.82,0.174,0.468,-0.157,5.36,6.58,3.89,0.181,0.5,-0.17
6.2,6.2,6.2,6.213,5.25,6.38,3.83,0.174,0.466,-0.152,5.33,6.54,3.87,0.174,0.489,-0.173
6.3,6.3,6.3,6.302,5.23,6.32,3.85,0.168,0.452,-0.16,5.31,6.52,3.86,0.169,0.481,-0.175
6.4,6.4,6.4,6.364,5.25,6.33,3.83,0.163,0.456,-0.169,5.31,6.51,3.86,0.166,0.475,-0.176
6.5,6.5,6.5,6.459,5.3,6.43,3.89,0.162,0.471,-0.161,5.32,6.51,3.88,0.164,0.471,-0.174
6.6,6.6,6.6,6.574,5.34,6.51,3.9,0.161,0.472,-0.16,5.34,6.53,3.91,0.165,0.47,-0.17
6.7,6.7,6.7,6.689,5.36,6.5,3.96,0.158,0.46,-0.159,5.38,6.57,3.95,0.167,0.472,-0.164
6.8,6.8,6.8,6.789,5.32,6.45,3.92,0.148,0.443,-0.177,5.43,6.62,4,0.171,0.477,-0.158
6.9,6.9,6.9,6.882,5.25,6.41,3.83,0.135,0.431,-0.198,5.5,6.68,4.06,0.176,0.485,-0.15
7,7,7,6.974,5.22,6.38,3.76,0.129,0.42,-0.214,5.57,6.76,4.13,0.183,0.494,-0.142
7.1,7.1,7.1,7.067,5.26,6.46,3.81,0.135,0.426,-0.203,5.64,6.84,4.2,0.192,0.504,-0.133
7.2,7.2,7.2,7.196,5.4,6.6,3.96,0.159,0.453,-0.176,5.72,6.93,4.27,0.202,0.516,-0.123
7.3,7.3,7.3,7.318,5.62,6.82,4.15,0.191,0.498,-0.14,5.81,7.02,4.35,0.213,0.529,-0.114
7.4,7.4,7.4,7.408,5.82,7.08,4.36,0.212,0.54,-0.103,5.89,7.12,4.42,0.226,0.543,-0.104
7.5,7.5,7.5,7.51,5.98,7.3,4.49,0.22,0.569,-0.087,5.98,7.22,4.49,0.239,0.558,-0.093
7.6,7.6,7.6,7.608,6.11,7.45,4.63,0.226,0.587,-0.076,6.06,7.31,4.56,0.253,0.574,-0.083
7.7,7.7,7.7,7.706,6.26,7.56,4.8,0.239,0.593,-0.058,6.14,7.41,4.63,0.266,0.59,-0.073
7.8,7.8,7.8,7.809,6.43,7.69,4.98,0.271,0.615,-0.036,6.22,7.5,4.69,0.28,0.607,-0.063
7.9,7.9,7.9,7.911,6.63,7.84,5.19,0.318,0.647,-0.003,6.29,7.59,4.75,0.294,0.625,-0.053
8,8,8,8.014,6.78,7.95,5.3,0.36,0.672,0.022,6.36,7.67,4.8,0.306,0.641,-0.044
8.1,8.1,8.1,8.117,6.82,8.04,5.25,0.382,0.691,0.021,6.43,7.75,4.84,0.319,0.658,-0.037
8.2,8.2,8.2,8.208,6.8,8.11,5.14,0.394,0.704,0.012,6.48,7.82,4.88,0.329,0.673,-0.031
8.3,8.3,8.3,8.3,6.74,8.12,5,0.397,0.711,-0.01,6.52,7.89,4.9,0.338,0.686,-0.028
8.4,8.4,8.4,8.4,6.66,8.07,4.98,0.389,0.709,-0.006,6.55,7.94,4.9,0.345,0.698,-0.029
8.5,8.501,8.501,8.501,6.59,8.02,4.97,0.376,0.725,-0.002,6.57,7.98,4.88,0.349,0.708,-0.033
8.6,8.601,8.601,8.601,6.53,7.91,4.89,0.363,0.723,-0.021,6.58,8.02,4.85,0.352,0.717,-0.04
8.7,8.702,8.702,8.702,6.52,7.94,4.86,0.356,0.736,-0.027,6.58,8.06,4.81,0.352,0.725,-0.051
8.8,8.802,8.802,8.802,6.56,8.02,4.8,0.365,0.752,-0.037,6.57,8.09,4.75,0.35,0.731,-0.064
8.9,8.904,8.904,8.904,6.63,8.14,4.82,0.384,0.768,-0.022,6.56,8.12,4.69,0.346,0.737,-0.08
9,9.006,9.006,9.006,6.68,8.23,4.85,0.396,0.777,-0.015,6.55,8.15,4.62,0.34,0.741,-0.098
9.1,9.107,9.107,9.107,6.65,8.22,4.83,0.386,0.77,-0.022,6.53,8.17,4.56,0.332,0.743,-0.117
9.2,9.203,9.203,9.203,6.54,8.12,4.73,0.35,0.754,-0.05,6.52,8.2,4.49,0.323,0.744,-0.137
9.3,9.299,9.299,9.299,6.39,8.02,4.57,0.302,0.73,-0.098,6.5,8.22,4.42,0.312,0.743,-0.158
9.4,9.415,9.415,9.415,6.3,8.03,4.2,0.276,0.722,-0.193,6.48,8.23,4.35,0.301,0.739,-0.178
9.5,9.507,9.507,9.507,6.28,8.21,3.9,0.271,0.745,-0.274,6.45,8.24,4.28,0.288,0.732,-0.199
9.6,9.597,9.597,9.597,6.34,8.39,3.81,0.28,0.779,-0.312,6.42,8.23,4.21,0.274,0.723,-0.22
9.7,9.7,9.7,9.7,6.46,8.51,3.93,0.288,0.788,-0.309,6.38,8.21,4.14,0.259,0.71,-0.24
9.8,9.806,9.806,9.806,6.54,8.56,3.99,0.281,0.769,-0.306,6.34,8.17,4.08,0.244,0.694,-0.259
9.9,9.904,9.904,9.904,6.59,8.59,4.03,0.256,0.751,-0.325,6.28,8.12,4.02,0.227,0.676,-0.277
10,9.997,9.997,9.997,6.56,8.54,4.06,0.22,0.723,-0.32,6.22,8.06,3.96,0.21,0.654,-0.294
10.1,10.099,10.099,10.099,6.48,8.44,3.99,0.19,0.694,-0.328,6.16,7.99,3.91,0.192,0.631,-0.31
10.2,10.201,10.201,10.201,6.36,8.41,3.82,0.169,0.688,-0.359,6.1,7.9,3.87,0.174,0.606,-0.323
10.3,10.303,10.303,10.303,6.22,8.2,3.74,0.152,0.636,-0.37,6.03,7.81,3.84,0.156,0.579,-0.333
10.4,10.404,10.404,10.404,6.08,7.99,3.58,0.141,0.594,-0.393,5.97,7.72,3.82,0.137,0.552,-0.34
10.5,10.506,10.506,10.506,5.9,7.72,3.63,0.127,0.538,-0.368,5.91,7.61,3.81,0.119,0.523,-0.344
10.6,10.608,10.608,10.608,5.72,7.36,3.66,0.108,0.466,-0.357,5.84,7.5,3.8,0.101,0.493,-0.346
10.7,10.71,10.71,10.71,5.55,7.06,3.68,0.087,0.408,-0.352,5.78,7.39,3.81,0.084,0.463,-0.346
10.8,10.812,10.812,10.812,5.41,6.81,3.73,0.063,0.353,-0.338,5.71,7.27,3.81,0.066,0.433,-0.344
10.9,10.913,10.913,10.913,5.34,6.76,3.7,0.039,0.327,-0.345,5.65,7.15,3.82,0.05,0.403,-0.343
11,11.015,11.015,11.015,5.3,6.72,3.66,0.01,0.319,-0.369,5.58,7.03,3.83,0.034,0.373,-0.341
11.1,11.125,11.125,11.125,5.29,6.75,3.63,-0.018,0.323,-0.39,5.51,6.91,3.83,0.019,0.345,-0.34
11.2,11.234,11.234,11.234,5.32,6.71,3.74,-0.034,0.298,-0.376,5.45,6.8,3.83,0.005,0.318,-0.338
11.3,11.335,11.335,11.335,5.38,6.63,3.91,-0.042,0.265,-0.335,5.4,6.7,3.84,-0.008,0.293,-0.337
11.4,11.436,11.436,11.436,5.44,6.62,4.04,-0.047,0.25,-0.307,5.35,6.61,3.84,-0.02,0.271,-0.336
11.5,11.537,11.537,11.537,5.49,6.57,4.18,-0.045,0.237,-0.277,5.31,6.53,3.85,-0.031,0.25,-0.335
11.6,11.642,11.642,11.642,5.48,6.55,4.22,-0.046,0.233,-0.267,5.27,6.46,3.85,-0.041,0.231,-0.335
11.7,11.741,11.741,11.741,5.43,6.5,4.17,-0.049,0.225,-0.274,5.24,6.41,3.85,-0.051,0.213,-0.337
11.8,11.839,11.839,11.839,5.34,6.39,4.08,-0.051,0.21,-0.293,5.21,6.36,3.85,-0.062,0.196,-0.34
11.9,11.937,11.937,11.937,5.17,6.2,3.91,-0.067,0.181,-0.324,5.18,6.31,3.84,-0.074,0.177,-0.346
12,12.035,12.035,12.035,4.97,5.96,3.72,-0.095,0.126,-0.358,5.15,6.27,3.83,-0.087,0.159,-0.353
12.1,12.154,12.154,12.154,4.79,5.85,3.55,-0.122,0.11,-0.381,5.13,6.24,3.81,-0.101,0.139,-0.362
12.2,12.264,12.264,12.264,4.78,5.84,3.51,-0.119,0.099,-0.388,5.1,6.2,3.8,-0.115,0.12,-0.372
12.3,12.362,12.362,12.362,5,6.07,3.69,-0.071,0.135,-0.351,5.09,6.18,3.79,-0.13,0.101,-0.384
12.4,12.459,12.459,12.459,5.2,6.34,3.91,-0.032,0.17,-0.317,5.09,6.18,3.78,-0.144,0.083,-0.395
12.5,12.544,12.544,12.544,5.26,6.4,3.98,-0.037,0.155,-0.322,5.1,6.19,3.79,-0.157,0.067,-0.406
12.6,12.627,12.627,12.627,5.13,6.27,3.83,-0.092,0.097,-0.372,5.12,6.21,3.81,-0.169,0.052,-0.417
12.7,12.71,12.71,12.71,4.88,6.04,3.6,-0.182,0.021,-0.438,5.16,6.25,3.84,-0.181,0.038,-0.427
12.8,12.808,12.808,12.808,4.69,5.82,3.38,-0.267,-0.055,-0.511,5.21,6.3,3.89,-0.192,0.024,-0.437
12.9,12.91,12.91,12.91,4.66,5.75,3.32,-0.322,-0.1,-0.548,5.27,6.35,3.94,-0.205,0.01,-0.447
13,13.016,13.016,13.016,4.77,5.84,3.4,-0.341,-0.116,-0.56,5.33,6.41,3.99,-0.218,-0.004,-0.458
13.1,13.108,13.108,13.108,4.97,6.07,3.6,-0.339,-0.102,-0.55,5.4,6.48,4.06,-0.232,-0.018,-0.468
13.2,13.199,13.199,13.199,5.24,6.33,3.83,-0.322,-0.078,-0.535,5.48,6.56,4.13,-0.246,-0.031,-0.479
13.3,13.296,13.296,13.296,5.56,6.63,4.16,-0.285,-0.052,-0.5,5.58,6.65,4.22,-0.259,-0.043,-0.488
13.4,13.395,13.395,13.395,5.92,6.97,4.59,-0.233,-0.013,-0.44,5.69,6.76,4.32,-0.271,-0.053,-0.496
13.5,13.499,13.499,13.499,6.25,7.27,4.86,-0.188,0.02,-0.415,5.81,6.88,4.44,-0.28,-0.061,-0.502
13.6,13.603,13.603,13.603,6.41,7.43,5.02,-0.174,0.024,-0.408,5.95,7.01,4.57,-0.288,-0.067,-0.507
13.7,13.704,13.704,13.704,6.33,7.35,4.96,-0.209,-0.021,-0.443,6.09,7.15,4.7,-0.293,-0.072,-0.51
13.8,13.8,13.8,13.8,6.05,7.08,4.69,-0.292,-0.105,-0.527,6.24,7.3,4.85,-0.298,-0.076,-0.514
13.9,13.891,13.891,13.891,5.77,6.81,4.4,-0.389,-0.189,-0.614,6.38,7.44,4.98,-0.304,-0.081,-0.52
14,13.983,13.983,13.983,5.78,6.82,4.4,-0.435,-0.213,-0.64,6.52,7.58,5.11,-0.311,-0.088,-0.527
14.1,14.075,14.075,14.075,6.16,7.23,4.76,-0.411,-0.169,-0.601,6.64,7.7,5.23,-0.32,-0.098,-0.538
14.2,14.17,14.17,14.17,6.74,7.8,5.32,-0.345,-0.093,-0.529,6.75,7.81,5.33,-0.332,-0.11,-0.55
14.3,14.285,14.285,14.285,7.31,8.41,5.87,-0.278,-0.02,-0.469,6.85,7.91,5.43,-0.346,-0.123,-0.564
14.4,14.4,14.4,14.4,7.67,8.78,6.21,-0.25,0.01,-0.449,6.95,8.01,5.52,-0.359,-0.135,-0.577
14.5,14.516,14.516,14.516,7.82,8.88,6.39,-0.257,-0.014,-0.465,7.05,8.12,5.61,-0.372,-0.146,-0.589
14.6,14.625,14.625,14.625,7.84,8.86,6.38,-0.278,-0.06,-0.504,7.15,8.22,5.71,-0.382,-0.155,-0.599
14.7,14.706,14.706,14.706,7.74,8.78,6.33,-0.317,-0.111,-0.548,7.26,8.33,5.81,-0.389,-0.162,-0.606
14.8,14.791,14.791,14.791,7.46,8.53,6.04,-0.39,-0.186,-0.627,7.36,8.44,5.91,-0.394,-0.167,-0.611
14.9,14.894,14.894,14.895,7.11,8.24,5.64,-0.489,-0.275,-0.743,7.46,8.54,6,-0.397,-0.172,-0.616
15,14.999,14.999,15.005,6.94,8.1,5.42,-0.557,-0.336,-0.816,7.54,8.62,6.07,-0.4,-0.178,-0.621
15.1,15.1,15.1,15.118,6.96,8.09,5.47,-0.592,-0.369,-0.835,7.61,8.67,6.12,-0.404,-0.185,-0.627
15.2,15.2,15.2,15.226,7.27,8.32,5.83,-0.572,-0.351,-0.781,7.65,8.71,6.15,-0.409,-0.195,-0.635
15.3,15.3,15.3,15.325,7.74,8.8,6.29,-0.508,-0.269,-0.695,7.68,8.73,6.17,-0.416,-0.206,-0.645
15.4,15.4,15.4,15.424,8.11,9.2,6.62,-0.443,-0.187,-0.622,7.69,8.75,6.18,-0.423,-0.217,-0.654
15.5,15.5,15.5,15.523,8.33,9.41,6.81,-0.377,-0.131,-0.567,7.71,8.76,6.18,-0.43,-0.227,-0.662
15.6,15.6,15.6,15.623,8.46,9.53,6.91,-0.318,-0.093,-0.532,7.73,8.77,6.19,-0.435,-0.234,-0.669
15.7,15.7,15.7,15.722,8.42,9.48,6.86,-0.292,-0.087,-0.521,7.75,8.8,6.2,-0.439,-0.239,-0.673
15.8,15.8,15.8,15.821,8.17,9.21,6.61,-0.308,-0.132,-0.559,7.78,8.83,6.21,-0.44,-0.241,-0.675
15.9,15.9,15.9,15.921,7.82,8.78,6.26,-0.355,-0.218,-0.624,7.81,8.86,6.23,-0.44,-0.24,-0.677
16,16,16,16.018,7.46,8.38,5.87,-0.426,-0.304,-0.703,7.85,8.9,6.24,-0.437,-0.238,-0.678
16.1,16.1,16.1,16.108,7.23,8.17,5.61,-0.487,-0.359,-0.771,7.88,8.93,6.23,-0.433,-0.234,-0.679
16.2,16.2,16.2,16.199,7.28,8.24,5.63,-0.511,-0.368,-0.786,7.9,8.96,6.22,-0.427,-0.229,-0.682
16.3,16.3,16.3,16.343,7.52,8.5,5.86,-0.51,-0.338,-0.762,7.93,8.99,6.19,-0.419,-0.222,-0.687
16.4,16.4,16.4,16.399,7.86,8.93,6.24,-0.486,-0.27,-0.708,7.95,9.02,6.15,-0.41,-0.213,-0.692
16.5,16.5,16.5,16.473,8.15,9.23,6.53,-0.461,-0.225,-0.665,7.97,9.05,6.11,-0.399,-0.202,-0.697
16.6,16.6,16.6,16.566,8.26,9.37,6.61,-0.454,-0.206,-0.659,7.99,9.08,6.06,-0.387,-0.188,-0.702
16.7,16.7,16.7,16.625,8.17,9.32,6.45,-0.463,-0.22,-0.692,8.03,9.13,6.02,-0.372,-0.171,-0.705
16.8,16.8,16.8,16.716,7.95,9.12,6.18,-0.481,-0.251,-0.739,8.06,9.18,5.98,-0.355,-0.152,-0.707
16.9,16.9,16.9,16.817,7.78,8.94,5.9,-0.482,-0.267,-0.781,8.11,9.23,5.95,-0.337,-0.131,-0.707
17,17,17,16.918,7.85,9.03,5.77,-0.429,-0.219,-0.775,8.15,9.29,5.92,-0.319,-0.11,-0.706
17.1,17.1,17.1,17.018,8.14,9.25,5.78,-0.33,-0.135,-0.743,8.19,9.34,5.88,-0.301,-0.089,-0.704
17.2,17.2,17.2,17.119,8.46,9.61,5.76,-0.225,-0.021,-0.715,8.22,9.38,5.85,-0.284,-0.07,-0.702
17.3,17.3,17.3,17.222,8.69,9.9,5.78,-0.134,0.087,-0.688,8.25,9.41,5.82,-0.268,-0.052,-0.7
17.4,17.4,17.4,17.327,8.72,9.95,5.81,-0.082,0.138,-0.657,8.27,9.45,5.8,-0.252,-0.035,-0.695
17.5,17.5,17.5,17.431,8.62,9.91,5.69,-0.062,0.156,-0.655,8.3,9.48,5.79,-0.237,-0.018,-0.688
17.6,17.6,17.6,17.527,8.49,9.73,5.61,-0.062,0.128,-0.651,8.34,9.52,5.8,-0.221,0,-0.677
17.7,17.7,17.7,17.618,8.41,9.62,5.53,-0.072,0.115,-0.66,8.38,9.56,5.83,-0.204,0.018,-0.661
17.8,17.8,17.8,17.739,8.42,9.58,5.58,-0.092,0.099,-0.65,8.42,9.61,5.89,-0.187,0.037,-0.642
17.9,17.9,17.9,17.844,8.38,9.56,5.58,-0.142,0.083,-0.655,8.47,9.66,5.96,-0.17,0.054,-0.62
18,18,18,17.948,8.19,9.34,5.43,-0.227,0.016,-0.702,8.52,9.7,6.04,-0.155,0.07,-0.595
18.1,18.1,18.1,18.053,7.95,9.05,5.15,-0.314,-0.067,-0.781,8.56,9.74,6.13,-0.143,0.083,-0.57
18.2,18.2,18.2,18.158,7.9,8.98,5.27,-0.343,-0.109,-0.783,8.59,9.76,6.21,-0.133,0.092,-0.545
18.3,18.3,18.3,18.262,8.05,9.22,5.69,-0.316,-0.066,-0.7,8.61,9.77,6.3,-0.126,0.098,-0.521
18.4,18.4,18.4,18.367,8.48,9.69,6.45,-0.222,0.026,-0.537,8.62,9.77,6.38,-0.121,0.101,-0.499
18.5,18.5,18.5,18.472,9,10.25,7.13,-0.109,0.147,-0.382,8.63,9.76,6.45,-0.116,0.104,-0.477
18.6,18.6,18.6,18.544,9.33,10.59,7.45,-0.032,0.235,-0.308,8.63,9.76,6.52,-0.112,0.106,-0.455
18.7,18.7,18.7,18.606,9.44,10.65,7.59,0.007,0.269,-0.258,8.63,9.75,6.59,-0.107,0.109,-0.434
18.8,18.8,18.8,18.684,9.4,10.55,7.61,0.026,0.266,-0.233,8.62,9.74,6.64,-0.102,0.112,-0.415
18.9,18.9,18.9,18.776,9.23,10.33,7.51,0.025,0.235,-0.231,8.61,9.72,6.69,-0.097,0.114,-0.398
19,19,19,18.869,8.95,9.98,7.29,-0.003,0.177,-0.247,8.58,9.69,6.71,-0.095,0.115,-0.385
19.1,19.1,19.1,18.961,8.65,9.62,7.01,-0.038,0.119,-0.291,8.54,9.64,6.71,-0.095,0.112,-0.377
19.2,19.2,19.2,19.053,8.44,9.4,6.73,-0.063,0.094,-0.332,8.47,9.57,6.68,-0.099,0.106,-0.374
19.3,19.3,19.3,19.145,8.29,9.27,6.57,-0.082,0.075,-0.355,8.39,9.47,6.62,-0.108,0.095,-0.377
19.4,19.4,19.4,19.238,8.26,9.28,6.53,-0.08,0.084,-0.354,8.28,9.36,6.53,-0.121,0.08,-0.386
19.5,19.5,19.5,19.33,8.33,9.41,6.6,-0.057,0.118,-0.33,8.16,9.23,6.43,-0.137,0.062,-0.399
19.6,19.6,19.6,19.422,8.4,9.52,6.62,-0.037,0.151,-0.324,8.04,9.1,6.31,-0.154,0.043,-0.415
19.7,19.7,19.7,19.515,8.31,9.45,6.55,-0.055,0.137,-0.338,7.92,8.97,6.2,-0.17,0.024,-0.431
19.8,19.8,19.8,19.644,8.07,9.2,6.29,-0.119,0.081,-0.395,7.81,8.85,6.09,-0.185,0.006,-0.445
19.9,19.9,19.9,19.784,7.7,8.8,5.97,-0.219,0.001,-0.475,7.71,8.75,6,-0.198,-0.008,-0.457
20,20,20,19.923,7.27,8.35,5.55,-0.327,-0.088,-0.569,7.63,8.66,5.92,-0.208,-0.02,-0.467
20.1,20.1,20.1,20.049,6.92,7.97,5.24,-0.407,-0.172,-0.633,7.56,8.59,5.86,-0.216,-0.03,-0.475
20.2,20.2,20.2,20.167,6.67,7.72,4.97,-0.455,-0.22,-0.684,7.5,8.53,5.81,-0.224,-0.038,-0.482
20.3,20.3,20.3,20.284,6.54,7.56,4.84,-0.461,-0.244,-0.706,7.46,8.48,5.76,-0.23,-0.046,-0.487
20.4,20.4,20.4,20.402,6.61,7.61,4.94,-0.413,-0.227,-0.661,7.42,8.44,5.73,-0.236,-0.053,-0.492
20.5,20.5,20.5,20.52,6.88,7.89,5.24,-0.325,-0.158,-0.582,7.4,8.41,5.71,-0.24,-0.059,-0.496
20.6,20.6,20.6,20.637,7.22,8.17,5.6,-0.227,-0.082,-0.489,7.39,8.39,5.7,-0.243,-0.064,-0.498
20.7,20.7,20.7,20.754,7.52,8.46,5.88,-0.147,-0.007,-0.414,7.4,8.39,5.71,-0.243,-0.065,-0.497
20.8,20.8,20.8,20.854,7.7,8.65,6.05,-0.105,0.029,-0.365,7.43,8.41,5.73,-0.241,-0.064,-0.494
20.9,20.9,20.9,20.951,7.78,8.73,6.09,-0.099,0.053,-0.359,7.48,8.45,5.77,-0.235,-0.06,-0.489
21,21,21,21.049,7.74,8.69,6.06,-0.116,0.046,-0.374,7.54,8.51,5.83,-0.226,-0.052,-0.481
21.1,21.1,21.1,21.147,7.59,8.52,5.93,-0.161,-0.01,-0.414,7.61,8.58,5.9,-0.216,-0.043,-0.472
21.2,21.2,21.2,21.244,7.44,8.39,5.73,-0.212,-0.061,-0.484,7.69,8.66,5.97,-0.206,-0.033,-0.463
21.3,21.3,21.3,21.341,7.43,8.37,5.7,-0.247,-0.099,-0.511,7.76,8.73,6.03,-0.197,-0.023,-0.455
21.4,21.4,21.4,21.438,7.58,8.57,5.79,-0.258,-0.089,-0.517,7.83,8.8,6.08,-0.19,-0.015,-0.45
21.5,21.5,21.5,21.536,7.89,8.87,6.13,-0.232,-0.047,-0.469,7.88,8.85,6.12,-0.187,-0.009,-0.448
21.6,21.6,21.6,21.633,8.2,9.17,6.43,-0.194,0.009,-0.428,7.91,8.88,6.14,-0.186,-0.005,-0.448
21.7,21.7,21.7,21.735,8.38,9.34,6.6,-0.172,0.032,-0.411,7.92,8.91,6.14,-0.187,-0.003,-0.451
21.8,21.8,21.8,21.841,8.41,9.39,6.61,-0.169,0.042,-0.417,7.93,8.93,6.13,-0.188,-0.001,-0.454
21.9,21.9,21.9,21.947,8.37,9.35,6.51,-0.17,0.032,-0.443,7.92,8.94,6.11,-0.189,0.001,-0.458
22,22,22,22.051,8.32,9.32,6.48,-0.169,0.034,-0.449,7.91,8.95,6.09,-0.189,0.005,-0.462
22.1,22.1,22.1,22.159,8.29,9.27,6.47,-0.16,0.032,-0.446,7.89,8.95,6.05,-0.188,0.01,-0.465
22.2,22.2,22.2,22.268,8.24,9.25,6.4,-0.154,0.035,-0.441,7.86,8.96,6.01,-0.187,0.015,-0.469
22.3,22.3,22.3,22.372,8.08,9.07,6.27,-0.173,0.007,-0.449,7.83,8.97,5.96,-0.187,0.02,-0.474
22.4,22.4,22.4,22.466,7.81,8.83,5.99,-0.216,-0.018,-0.484,7.78,8.97,5.9,-0.189,0.024,-0.481
22.5,22.5,22.5,22.561,7.55,8.61,5.66,-0.251,-0.029,-0.528,7.73,8.96,5.83,-0.194,0.026,-0.491
22.6,22.6,22.6,22.653,7.39,8.53,5.46,-0.253,-0.018,-0.541,7.66,8.94,5.75,-0.202,0.026,-0.503
22.7,22.7,22.7,22.743,7.35,8.48,5.42,-0.21,-0.001,-0.51,7.59,8.92,5.66,-0.213,0.022,-0.517
22.8,22.8,22.8,22.848,7.42,8.6,5.58,-0.137,0.028,-0.44,7.51,8.89,5.57,-0.228,0.017,-0.533
22.9,22.9,22.9,22.971,7.42,8.86,5.48,-0.086,0.102,-0.436,7.43,8.86,5.48,-0.243,0.009,-0.549
23,23,23,23.024,7.33,8.99,5.36,-0.091,0.13,-0.461,7.35,8.82,5.39,-0.26,0,-0.565
23.1,23.095,23.095,23.095,7.22,9.04,5.17,-0.151,0.119,-0.539,7.28,8.78,5.31,-0.276,-0.01,-0.58
23.2,23.188,23.188,23.174,7.12,8.98,5.08,-0.233,0.069,-0.588,7.22,8.74,5.24,-0.291,-0.021,-0.593
23.3,23.258,23.258,23.255,7.12,8.97,5.02,-0.302,0.023,-0.636,7.16,8.71,5.18,-0.304,-0.031,-0.605
23.4,23.32,23.32,23.344,7.15,8.95,5.07,-0.358,-0.018,-0.661,7.11,8.67,5.14,-0.316,-0.042,-0.615
23.5,23.42,23.42,23.45,7.1,8.93,5.03,-0.412,-0.042,-0.699,7.07,8.63,5.1,-0.327,-0.052,-0.623
23.6,23.519,23.519,23.556,6.95,8.8,4.91,-0.462,-0.09,-0.74,7.04,8.59,5.07,-0.336,-0.062,-0.63
23.7,23.619,23.619,23.661,6.8,8.62,4.74,-0.499,-0.137,-0.775,7.01,8.55,5.05,-0.344,-0.072,-0.634
23.8,23.719,23.719,23.767,6.73,8.48,4.69,-0.509,-0.17,-0.771,6.99,8.51,5.04,-0.35,-0.081,-0.637
23.9,23.818,23.818,23.873,6.76,8.4,4.81,-0.492,-0.183,-0.738,6.97,8.46,5.03,-0.354,-0.089,-0.637
24,23.918,23.918,23.979,6.84,8.25,4.93,-0.455,-0.194,-0.699,6.96,8.41,5.02,-0.355,-0.094,-0.635
24.1,23.999,23.999,24.06,6.9,8.15,5.07,-0.413,-0.193,-0.649,6.95,8.37,5.02,-0.352,-0.097,-0.629
24.2,24.143,24.143,24.156,6.92,8.06,5.11,-0.375,-0.179,-0.624,6.94,8.33,5.03,-0.345,-0.096,-0.619
24.3,24.236,24.236,24.241,6.92,8.05,5.08,-0.338,-0.154,-0.608,6.94,8.29,5.03,-0.334,-0.092,-0.607
24.4,24.329,24.329,24.326,6.94,8.06,5.09,-0.303,-0.13,-0.589,6.94,8.26,5.04,-0.32,-0.084,-0.592
24.5,24.422,24.422,24.411,6.96,8.05,5.13,-0.277,-0.105,-0.563,6.94,8.23,5.05,-0.303,-0.073,-0.575
24.6,24.509,24.509,24.483,6.95,8.02,5.13,-0.263,-0.099,-0.539,6.93,8.2,5.05,-0.286,-0.06,-0.558
24.7,24.589,24.589,24.537,6.95,8.02,5.17,-0.255,-0.08,-0.518,6.92,8.17,5.04,-0.268,-0.046,-0.542
24.8,24.669,24.669,24.592,6.96,8.08,5.15,-0.245,-0.049,-0.515,6.9,8.14,5.02,-0.252,-0.033,-0.527
24.9,24.749,24.749,24.646,6.99,8.21,5.12,-0.225,-0.001,-0.51,6.87,8.11,4.99,-0.238,-0.02,-0.515
25,24.869,24.869,24.708,7.05,8.3,5.13,-0.194,0.039,-0.487,6.83,8.07,4.95,-0.227,-0.008,-0.506
25.1,24.989,24.989,24.781,7.09,8.35,5.15,-0.159,0.07,-0.454,6.78,8.03,4.9,-0.218,0.002,-0.499
25.2,25.045,25.045,24.944,7.11,8.39,5.19,-0.125,0.111,-0.407,6.73,7.99,4.84,-0.212,0.01,-0.495
25.3,25.105,25.105,25.105,7.1,8.34,5.16,-0.098,0.133,-0.385,6.68,7.95,4.77,-0.208,0.016,-0.493
25.4,25.215,25.215,25.215,6.99,8.23,5.08,-0.098,0.14,-0.379,6.62,7.91,4.71,-0.206,0.02,-0.492
25.5,25.312,25.312,25.312,6.74,8.07,4.89,-0.135,0.106,-0.396,6.56,7.86,4.63,-0.207,0.022,-0.493
25.6,25.415,25.415,25.415,6.45,7.96,4.59,-0.181,0.097,-0.455,6.49,7.81,4.56,-0.209,0.023,-0.496
25.7,25.519,25.519,25.519,6.19,7.69,4.32,-0.225,0.048,-0.509,6.42,7.76,4.48,-0.213,0.022,-0.5
25.8,25.622,25.622,25.622,5.96,7.44,4.01,-0.26,0,-0.567,6.35,7.71,4.4,-0.219,0.02,-0.505
25.9,25.725,25.725,25.725,5.88,7.26,3.95,-0.266,-0.046,-0.57,6.28,7.66,4.32,-0.225,0.017,-0.512
26,25.828,25.828,25.828,5.88,7.22,3.89,-0.262,-0.061,-0.577,6.21,7.62,4.24,-0.231,0.014,-0.518
26.1,25.931,25.931,25.931,5.97,7.28,3.95,-0.246,-0.046,-0.554,6.15,7.58,4.17,-0.237,0.012,-0.525
26.2,26.023,26.023,26.023,6.07,7.37,4.03,-0.237,-0.029,-0.53,6.1,7.56,4.11,-0.243,0.011,-0.531
26.3,26.1,26.1,26.1,6.12,7.43,4.05,-0.248,-0.019,-0.525,6.06,7.56,4.07,-0.246,0.012,-0.536
26.4,26.177,26.177,26.177,6.08,7.39,4.03,-0.27,-0.029,-0.545,6.04,7.57,4.03,-0.248,0.014,-0.539
26.5,26.255,26.255,26.255,5.93,7.26,3.9,-0.301,-0.047,-0.578,6.04,7.6,4.02,-0.249,0.018,-0.541
26.6,26.332,26.332,26.332,5.74,7.17,3.81,-0.331,-0.066,-0.59,6.05,7.64,4.02,-0.247,0.024,-0.54
26.7,26.409,26.409,26.409,5.62,7.24,3.67,-0.338,-0.049,-0.604,6.07,7.69,4.04,-0.245,0.031,-0.538
26.8,26.499,26.499,26.499,5.62,7.38,3.63,-0.317,-0.021,-0.595,6.11,7.75,4.07,-0.241,0.037,-0.533
26.9,26.59,26.59,26.59,5.73,7.61,3.64,-0.275,0.037,-0.585,6.16,7.82,4.11,-0.237,0.045,-0.528
27,26.682,26.682,26.682,5.96,7.86,3.88,-0.221,0.101,-0.529,6.22,7.89,4.17,-0.232,0.051,-0.521
27.1,26.774,26.774,26.774,6.2,8.16,4.07,-0.178,0.155,-0.499,6.28,7.97,4.24,-0.227,0.058,-0.514
27.2,26.865,26.865,26.865,6.4,8.36,4.27,-0.155,0.173,-0.468,6.35,8.04,4.31,-0.221,0.064,-0.506
27.3,26.957,26.957,26.957,6.53,8.49,4.43,-0.154,0.175,-0.456,6.43,8.12,4.39,-0.215,0.069,-0.497
27.4,27.049,27.049,27.049,6.61,8.51,4.51,-0.164,0.153,-0.462,6.52,8.2,4.48,-0.208,0.074,-0.487
27.5,27.14,27.14,27.14,6.65,8.53,4.52,-0.175,0.14,-0.485,6.6,8.28,4.57,-0.201,0.079,-0.477
27.6,27.232,27.232,27.232,6.65,8.51,4.54,-0.193,0.119,-0.508,6.69,8.35,4.66,-0.194,0.082,-0.466
27.7,27.324,27.324,27.324,6.74,8.47,4.71,-0.199,0.078,-0.487,6.78,8.42,4.75,-0.187,0.084,-0.456
27.8,27.415,27.415,27.415,6.89,8.4,4.97,-0.195,0.04,-0.432,6.85,8.48,4.83,-0.182,0.085,-0.448
27.9,27.525,27.525,27.525,7.09,8.44,5.15,-0.186,0.02,-0.416,6.91,8.52,4.9,-0.179,0.083,-0.441
28,27.642,27.642,27.642,7.27,8.61,5.3,-0.179,0.045,-0.407,6.96,8.54,4.95,-0.179,0.079,-0.437
28.1,27.759,27.759,27.759,7.35,8.68,5.4,-0.182,0.056,-0.403,6.98,8.55,4.99,-0.181,0.072,-0.434
28.2,27.871,27.871,27.871,7.37,8.72,5.41,-0.182,0.058,-0.405,6.99,8.54,5.01,-0.185,0.062,-0.434
28.3,27.957,27.957,27.957,7.39,8.74,5.42,-0.169,0.055,-0.396,6.99,8.52,5.02,-0.19,0.052,-0.435
28.4,28.044,28.044,28.044,7.42,8.78,5.42,-0.149,0.06,-0.392,6.97,8.48,5.01,-0.196,0.04,-0.437
28.5,28.123,28.123,28.123,7.42,8.82,5.44,-0.135,0.083,-0.372,6.95,8.43,5,-0.204,0.026,-0.44
28.6,28.195,28.195,28.195,7.34,8.7,5.39,-0.136,0.071,-0.37,6.91,8.38,4.97,-0.212,0.012,-0.444
28.7,28.267,28.267,28.267,7.17,8.69,5.27,-0.156,0.075,-0.386,6.86,8.31,4.93,-0.223,-0.004,-0.45
28.8,28.383,28.383,28.383,6.92,8.65,4.95,-0.193,0.075,-0.44,6.79,8.23,4.88,-0.235,-0.022,-0.459
28.9,28.505,28.505,28.505,6.65,8.53,4.6,-0.23,0.06,-0.493,6.71,8.13,4.81,-0.251,-0.043,-0.471
29,28.628,28.628,28.628,6.43,8.19,4.48,-0.26,-0.008,-0.503,6.62,8.02,4.72,-0.269,-0.066,-0.487
29.1,28.751,28.751,28.751,6.23,7.77,4.35,-0.296,-0.095,-0.521,6.51,7.9,4.63,-0.29,-0.093,-0.505
29.2,28.874,28.874,28.874,6.14,7.55,4.29,-0.321,-0.138,-0.54,6.39,7.77,4.52,-0.314,-0.123,-0.525
29.3,28.997,28.997,28.997,6.2,7.5,4.38,-0.321,-0.147,-0.532,6.28,7.63,4.42,-0.339,-0.154,-0.546
29.4,29.12,29.12,29.12,6.33,7.55,4.55,-0.309,-0.143,-0.499,6.16,7.49,4.31,-0.365,-0.187,-0.567
29.5,29.233,29.233,29.233,6.41,7.6,4.63,-0.309,-0.149,-0.484,6.05,7.35,4.22,-0.391,-0.22,-0.589
29.6,29.335,29.335,29.335,6.33,7.48,4.56,-0.334,-0.188,-0.504,5.95,7.22,4.13,-0.417,-0.253,-0.61
29.7,29.436,29.436,29.436,6.03,7.14,4.26,-0.403,-0.27,-0.575,5.85,7.1,4.05,-0.442,-0.285,-0.629
29.8,29.504,29.504,29.504,5.61,6.73,3.83,-0.496,-0.362,-0.676,5.78,6.99,3.99,-0.466,-0.317,-0.648
29.9,29.584,29.584,29.584,5.23,6.38,3.42,-0.584,-0.447,-0.766,5.71,6.89,3.94,-0.488,-0.346,-0.665
30,29.706,29.706,29.706,5.01,6.14,3.15,-0.641,-0.508,-0.831,5.66,6.81,3.89,-0.51,-0.374,-0.681
30.1,29.828,29.828,29.828,5.02,6.14,3.23,-0.647,-0.519,-0.822,5.61,6.74,3.86,-0.53,-0.399,-0.695
30.2,29.949,29.949,29.949,5.18,6.26,3.45,-0.623,-0.501,-0.78,5.58,6.69,3.84,-0.547,-0.421,-0.709
30.3,30.096,30.096,30.096,5.32,6.4,3.62,-0.599,-0.484,-0.75,5.57,6.66,3.83,-0.562,-0.44,-0.72
30.4,30.247,30.247,30.247,5.39,6.43,3.68,-0.589,-0.492,-0.749,5.57,6.65,3.84,-0.574,-0.455,-0.729
30.5,30.399,30.399,30.399,5.38,6.44,3.68,-0.601,-0.504,-0.759,5.59,6.66,3.87,-0.581,-0.464,-0.733
30.6,30.55,30.55,30.55,5.38,6.44,3.69,-0.622,-0.52,-0.765,5.63,6.69,3.91,-0.583,-0.468,-0.733
30.7,30.657,30.657,30.649,5.44,6.5,3.81,-0.634,-0.524,-0.76,5.69,6.75,3.98,-0.58,-0.467,-0.729
30.8,30.748,30.748,30.728,5.54,6.61,3.92,-0.64,-0.517,-0.759,5.78,6.83,4.07,-0.572,-0.46,-0.72
30.9,30.838,30.838,30.806,5.62,6.68,3.96,-0.644,-0.523,-0.766,5.88,6.93,4.17,-0.56,-0.448,-0.707
31,30.929,30.929,30.885,5.69,6.7,4,-0.642,-0.532,-0.772,5.99,7.05,4.28,-0.545,-0.432,-0.693
31.1,31.02,31.02,30.964,5.77,6.76,4.09,-0.63,-0.529,-0.765,6.11,7.17,4.39,-0.529,-0.415,-0.677
31.2,31.117,31.117,31.064,5.92,6.9,4.25,-0.601,-0.506,-0.739,6.22,7.28,4.49,-0.513,-0.398,-0.662
31.3,31.216,31.216,31.168,6.19,7.17,4.49,-0.547,-0.455,-0.694,6.32,7.4,4.58,-0.498,-0.381,-0.648
31.4,31.314,31.314,31.272,6.54,7.54,4.82,-0.477,-0.377,-0.633,6.41,7.5,4.66,-0.483,-0.365,-0.636
31.5,31.413,31.413,31.377,6.9,7.93,5.18,-0.407,-0.298,-0.56,6.5,7.59,4.74,-0.47,-0.351,-0.625
31.6,31.512,31.512,31.481,7.19,8.26,5.42,-0.353,-0.225,-0.505,6.58,7.67,4.8,-0.458,-0.338,-0.615
31.7,31.611,31.611,31.585,7.35,8.46,5.56,-0.319,-0.188,-0.471,6.65,7.75,4.86,-0.447,-0.326,-0.606
31.8,31.709,31.709,31.689,7.41,8.58,5.55,-0.3,-0.155,-0.466,6.72,7.82,4.92,-0.436,-0.315,-0.596
31.9,31.808,31.808,31.793,7.37,8.59,5.49,-0.297,-0.147,-0.47,6.78,7.88,4.97,-0.426,-0.305,-0.587
32,31.907,31.907,31.897,7.24,8.42,5.38,-0.313,-0.176,-0.491,6.83,7.94,5.01,-0.416,-0.296,-0.578
32.1,32.006,32.006,32.001,7.05,8.27,5.19,-0.343,-0.2,-0.528,6.88,7.98,5.05,-0.408,-0.289,-0.569
32.2,32.104,32.104,32.105,6.84,8.12,4.94,-0.384,-0.236,-0.578,6.91,8.01,5.09,-0.4,-0.283,-0.561
32.3,32.203,32.203,32.209,6.65,7.92,4.7,-0.436,-0.299,-0.631,6.93,8.02,5.1,-0.395,-0.28,-0.555
32.4,32.302,32.302,32.313,6.53,7.71,4.58,-0.476,-0.353,-0.664,6.93,8.02,5.11,-0.391,-0.281,-0.552
32.5,32.401,32.401,32.417,6.53,7.6,4.65,-0.492,-0.39,-0.661,6.92,8,5.1,-0.391,-0.285,-0.551
32.6,32.499,32.499,32.521,6.65,7.62,4.79,-0.483,-0.397,-0.642,6.89,7.96,5.07,-0.395,-0.294,-0.555
32.7,32.598,32.598,32.625,6.85,7.84,5.04,-0.455,-0.356,-0.589,6.85,7.91,5.03,-0.403,-0.307,-0.562
32.8,32.697,32.697,32.729,7.02,8.04,5.25,-0.421,-0.308,-0.541,6.79,7.84,4.98,-0.416,-0.324,-0.573
32.9,32.796,32.796,32.833,7.1,8.12,5.34,-0.391,-0.285,-0.506,6.73,7.77,4.93,-0.434,-0.345,-0.589
33,32.894,32.894,32.937,7.1,8.05,5.36,-0.369,-0.283,-0.483,6.66,7.69,4.86,-0.457,-0.37,-0.608
33.1,32.993,32.993,33.041,7.04,7.94,5.36,-0.346,-0.289,-0.467,6.59,7.61,4.8,-0.487,-0.399,-0.632
33.2,33.092,33.092,33.145,6.96,7.91,5.23,-0.324,-0.278,-0.473,6.52,7.53,4.73,-0.521,-0.431,-0.66
33.3,33.196,33.196,33.251,6.86,7.84,5.1,-0.311,-0.279,-0.497,6.45,7.46,4.66,-0.56,-0.466,-0.693
33.4,33.313,33.313,33.359,6.71,7.71,4.95,-0.328,-0.305,-0.527,6.37,7.38,4.59,-0.604,-0.504,-0.731
33.5,33.429,33.429,33.468,6.47,7.47,4.71,-0.394,-0.382,-0.595,6.3,7.31,4.51,-0.651,-0.544,-0.774
33.6,33.545,33.545,33.576,6.17,7.16,4.45,-0.512,-0.488,-0.684,6.22,7.24,4.42,-0.7,-0.587,-0.822
33.7,33.661,33.661,33.685,5.84,6.86,4.09,-0.662,-0.599,-0.807,6.14,7.17,4.34,-0.752,-0.632,-0.876
33.8,33.782,33.788,33.808,5.59,6.63,3.8,-0.809,-0.698,-0.913,6.06,7.1,4.24,-0.807,-0.679,-0.934
33.9,33.906,33.922,33.94,5.5,6.54,3.71,-0.935,-0.771,-0.997,5.97,7.03,4.15,-0.864,-0.729,-0.996
34,34.03,34.056,34.071,5.53,6.55,3.71,-1.048,-0.842,-1.076,5.89,6.96,4.05,-0.923,-0.78,-1.061
34.1,34.154,34.189,34.203,5.53,6.57,3.67,-1.16,-0.922,-1.174,5.8,6.88,3.95,-0.985,-0.833,-1.129
34.2,34.278,34.323,34.335,5.47,6.53,3.63,-1.266,-1.016,-1.272,5.72,6.81,3.85,-1.046,-0.885,-1.196
34.3,34.402,34.457,34.467,5.46,6.54,3.56,-1.33,-1.083,-1.368,5.65,6.75,3.77,-1.106,-0.936,-1.261
34.4,34.526,34.591,34.599,5.5,6.64,3.59,-1.341,-1.116,-1.437,5.59,6.7,3.7,-1.162,-0.984,-1.322
34.5,34.649,34.725,34.73,5.62,6.83,3.63,-1.3,-1.1,-1.474,5.55,6.67,3.65,-1.211,-1.026,-1.376
34.6,34.773,34.858,34.862,5.79,7,3.77,-1.231,-1.078,-1.488,5.53,6.65,3.63,-1.25,-1.06,-1.422
34.7,34.897,34.992,34.994,5.81,7.06,3.83,-1.208,-1.049,-1.527,5.54,6.66,3.63,-1.28,-1.087,-1.459
34.8,35.019,35.118,35.118,5.69,6.94,3.71,-1.262,-1.065,-1.576,5.57,6.7,3.65,-1.298,-1.104,-1.486
34.9,35.132,35.208,35.208,5.41,6.62,3.46,-1.358,-1.161,-1.649,5.62,6.75,3.69,-1.306,-1.113,-1.503
35,35.245,35.297,35.297,5.12,6.28,3.18,-1.48,-1.272,-1.742,5.68,6.81,3.75,-1.304,-1.114,-1.512
35.1,35.359,35.375,35.375,4.96,6.05,3.02,-1.569,-1.351,-1.799,5.75,6.89,3.82,-1.296,-1.11,-1.514
35.2,35.473,35.442,35.442,4.97,6.04,3.07,-1.587,-1.376,-1.784,5.83,6.97,3.9,-1.283,-1.101,-1.509
35.3,35.587,35.51,35.51,5.19,6.24,3.3,-1.528,-1.336,-1.719,5.92,7.05,3.98,-1.266,-1.088,-1.499
35.4,35.701,35.577,35.577,5.53,6.55,3.66,-1.422,-1.251,-1.613,6.02,7.14,4.08,-1.248,-1.073,-1.484
35.5,35.816,35.661,35.661,5.91,7.03,3.99,-1.3,-1.128,-1.52,6.12,7.24,4.18,-1.228,-1.057,-1.465
35.6,35.929,35.731,35.731,6.33,7.47,4.37,-1.178,-0.997,-1.412,6.23,7.34,4.29,-1.206,-1.039,-1.443
35.7,36.043,35.771,35.771,6.68,7.76,4.73,-1.078,-0.917,-1.31,6.35,7.45,4.4,-1.184,-1.019,-1.419
35.8,36.157,35.868,35.868,6.9,8.02,4.94,-1.001,-0.867,-1.243,6.46,7.56,4.52,-1.159,-0.998,-1.391
35.9,36.271,35.97,35.97,7.02,8.14,5.07,-0.957,-0.834,-1.212,6.58,7.67,4.65,-1.133,-0.976,-1.362
36,36.385,36.071,36.071,7.04,8.18,5.1,-0.946,-0.807,-1.211,6.7,7.77,4.77,-1.105,-0.953,-1.332
36.1,36.499,36.173,36.173,7.05,8.2,5.11,-0.959,-0.806,-1.223,6.81,7.87,4.88,-1.078,-0.931,-1.303
36.2,36.613,36.274,36.274,7.11,8.19,5.15,-0.968,-0.827,-1.23,6.9,7.95,4.97,-1.052,-0.911,-1.276
36.3,36.727,36.374,36.374,7.18,8.23,5.18,-1.004,-0.873,-1.229,6.97,8.01,5.05,-1.03,-0.894,-1.253
36.4,36.841,36.468,36.468,7.32,8.37,5.3,-1.013,-0.867,-1.223,7.02,8.05,5.11,-1.012,-0.881,-1.234
36.5,36.955,36.562,36.562,7.47,8.5,5.51,-1.01,-0.848,-1.207,7.05,8.06,5.14,-0.999,-0.873,-1.218
36.6,37.064,36.672,36.672,7.54,8.54,5.59,-1.003,-0.843,-1.206,7.06,8.06,5.16,-0.99,-0.869,-1.206
36.7,37.173,36.784,36.784,7.54,8.55,5.6,-0.985,-0.834,-1.195,7.06,8.05,5.17,-0.984,-0.867,-1.196
36.8,37.281,36.896,36.896,7.42,8.4,5.55,-0.973,-0.847,-1.173,7.06,8.04,5.18,-0.978,-0.865,-1.186
36.9,37.39,37.009,37.009,7.25,8.15,5.41,-0.96,-0.886,-1.157,7.07,8.04,5.19,-0.973,-0.863,-1.175
37,37.498,37.121,37.121,7.1,7.96,5.31,-0.944,-0.894,-1.138,7.07,8.04,5.2,-0.966,-0.86,-1.164
37.1,37.607,37.233,37.233,6.91,7.76,5.13,-0.94,-0.886,-1.144,7.08,8.05,5.22,-0.959,-0.855,-1.152
37.2,37.715,37.346,37.346,6.69,7.55,4.9,-0.96,-0.874,-1.188,7.1,8.06,5.24,-0.951,-0.85,-1.14
37.3,37.823,37.471,37.471,6.44,7.31,4.63,-1.011,-0.907,-1.228,7.11,8.08,5.25,-0.944,-0.844,-1.128
37.4,37.932,37.598,37.598,6.3,7.21,4.5,-1.053,-0.929,-1.229,7.12,8.1,5.26,-0.939,-0.84,-1.119
37.5,38.04,37.721,37.721,6.36,7.27,4.59,-1.044,-0.957,-1.18,7.13,8.12,5.27,-0.935,-0.837,-1.112
37.6,38.148,37.845,37.845,6.64,7.57,4.86,-0.981,-0.928,-1.116,7.14,8.15,5.27,-0.934,-0.836,-1.108
37.7,38.256,37.983,37.983,7.07,8.04,5.29,-0.881,-0.826,-1.036,7.16,8.17,5.27,-0.935,-0.836,-1.107
37.8,38.364,38.116,38.116,7.44,8.45,5.59,-0.802,-0.733,-0.991,7.18,8.21,5.28,-0.937,-0.836,-1.106
37.9,38.472,38.238,38.238,7.69,8.79,5.75,-0.768,-0.674,-0.957,7.21,8.25,5.3,-0.939,-0.837,-1.107
38,38.58,38.359,38.359,7.84,9,5.87,-0.773,-0.651,-0.931,7.25,8.31,5.33,-0.941,-0.837,-1.107
38.1,38.688,38.483,38.483,7.87,9.04,5.91,-0.811,-0.676,-0.947,7.31,8.39,5.37,-0.944,-0.836,-1.107
38.2,38.795,38.609,38.609,7.8,8.93,5.8,-0.871,-0.735,-0.999,7.39,8.48,5.43,-0.946,-0.835,-1.107
38.3,38.903,38.734,38.734,7.59,8.73,5.58,-0.948,-0.813,-1.079,7.47,8.57,5.5,-0.949,-0.833,-1.108
38.4,39.01,38.86,38.86,7.32,8.52,5.28,-1.018,-0.885,-1.169,7.56,8.67,5.58,-0.953,-0.831,-1.11
38.5,39.117,38.986,38.986,7.12,8.31,5.07,-1.07,-0.954,-1.243,7.65,8.77,5.65,-0.958,-0.83,-1.113
38.6,39.225,39.111,39.111,7.08,8.27,5.01,-1.091,-0.972,-1.279,7.74,8.87,5.73,-0.964,-0.83,-1.117
38.7,39.332,39.237,39.237,7.24,8.43,5.18,-1.07,-0.951,-1.256,7.82,8.95,5.8,-0.971,-0.83,-1.123
38.8,39.439,39.362,39.362,7.53,8.69,5.46,-1.025,-0.904,-1.207,7.9,9.03,5.87,-0.977,-0.831,-1.13
38.9,39.547,39.488,39.488,7.84,8.93,5.79,-0.979,-0.871,-1.144,7.97,9.11,5.93,-0.983,-0.833,-1.136
39,39.654,39.614,39.614,8.11,9.18,6.06,-0.951,-0.84,-1.105,8.04,9.18,6,-0.986,-0.834,-1.142
39.1,39.76,39.723,39.723,8.3,9.39,6.27,-0.96,-0.821,-1.095,8.12,9.26,6.07,-0.988,-0.834,-1.146
39.2,39.866,39.819,39.819,8.42,9.51,6.38,-1.009,-0.823,-1.129,8.2,9.33,6.15,-0.987,-0.833,-1.148
39.3,39.972,39.915,39.915,8.51,9.62,6.49,-1.059,-0.825,-1.15,8.28,9.42,6.23,-0.983,-0.829,-1.148
39.4,40.077,40.011,40.011,8.6,9.73,6.58,-1.067,-0.806,-1.163,8.37,9.51,6.32,-0.978,-0.824,-1.145
39.5,40.182,40.108,40.108,8.71,9.82,6.65,-1.023,-0.791,-1.151,8.47,9.61,6.41,-0.971,-0.817,-1.14
39.6,40.286,40.206,40.206,8.8,9.94,6.73,-0.957,-0.748,-1.119,8.57,9.71,6.5,-0.963,-0.809,-1.134
39.7,40.389,40.305,40.305,8.84,10,6.79,-0.907,-0.743,-1.104,8.68,9.82,6.61,-0.952,-0.799,-1.126
39.8,40.493,40.403,40.403,8.81,9.97,6.74,-0.888,-0.758,-1.117,8.78,9.93,6.71,-0.94,-0.787,-1.116
39.9,40.596,40.501,40.501,8.76,9.92,6.7,-0.898,-0.783,-1.125,8.9,10.05,6.82,-0.926,-0.774,-1.105
40,40.7,40.599,40.599,8.75,9.9,6.68,-0.915,-0.808,-1.132,9.01,10.17,6.93,-0.911,-0.761,-1.092
40.1,40.803,40.697,40.697,8.8,9.92,6.73,-0.927,-0.82,-1.14,9.12,10.28,7.03,-0.894,-0.746,-1.079
40.2,40.907,40.795,40.795,8.9,10.05,6.79,-0.933,-0.817,-1.134,9.23,10.4,7.14,-0.877,-0.732,-1.066
40.3,41.01,40.894,40.894,8.97,10.13,6.82,-0.934,-0.814,-1.135,9.33,10.5,7.23,-0.861,-0.719,-1.053
40.4,41.114,40.992,40.992,9.02,10.21,6.88,-0.934,-0.808,-1.127,9.42,10.6,7.32,-0.845,-0.707,-1.041
40.5,41.216,41.069,41.069,9.17,10.39,7.02,-0.908,-0.786,-1.103,9.5,10.69,7.4,-0.832,-0.696,-1.031
40.6,41.318,41.134,41.134,9.53,10.76,7.42,-0.844,-0.716,-1.03,9.58,10.77,7.48,-0.821,-0.686,-1.022
40.7,41.419,41.21,41.212,10,11.24,7.89,-0.762,-0.621,-0.954,9.65,10.85,7.55,-0.812,-0.677,-1.015
40.8,41.518,41.313,41.323,10.46,11.71,8.36,-0.678,-0.519,-0.863,9.72,10.93,7.62,-0.803,-0.667,-1.008
40.9,41.617,41.415,41.433,10.72,11.94,8.61,-0.628,-0.474,-0.803,9.8,11.01,7.69,-0.795,-0.657,-1.002
41,41.716,41.518,41.544,10.68,11.89,8.58,-0.632,-0.495,-0.818,9.87,11.08,7.77,-0.786,-0.645,-0.994
41.1,41.815,41.621,41.654,10.49,11.69,8.42,-0.667,-0.536,-0.865,9.95,11.16,7.84,-0.776,-0.633,-0.987
41.2,41.914,41.723,41.765,10.23,11.42,8.14,-0.717,-0.597,-0.934,10.02,11.24,7.91,-0.768,-0.621,-0.98
41.3,42.014,41.826,41.875,9.96,11.2,7.88,-0.775,-0.626,-0.999,10.08,11.3,7.98,-0.76,-0.612,-0.975
41.4,42.113,41.929,41.986,9.75,11,7.66,-0.823,-0.667,-1.051,10.13,11.35,8.03,-0.755,-0.605,-0.972
41.5,42.212,42.032,42.097,9.65,10.9,7.53,-0.849,-0.697,-1.076,10.16,11.38,8.06,-0.754,-0.602,-0.972
41.6,42.311,42.135,42.207,9.67,10.88,7.54,-0.848,-0.699,-1.082,10.17,11.39,8.07,-0.756,-0.603,-0.975
41.7,42.406,42.245,42.313,9.84,11.06,7.71,-0.815,-0.659,-1.058,10.17,11.39,8.07,-0.761,-0.608,-0.981
41.8,42.502,42.355,42.418,10.12,11.35,8.04,-0.763,-0.594,-1.028,10.15,11.38,8.06,-0.769,-0.616,-0.989
41.9,42.597,42.465,42.524,10.43,11.66,8.32,-0.719,-0.535,-0.974,10.13,11.36,8.04,-0.777,-0.625,-0.998
42,42.693,42.575,42.63,10.66,11.87,8.57,-0.683,-0.501,-0.919,10.11,11.34,8.01,-0.787,-0.634,-1.007
42.1,42.788,42.685,42.736,10.73,11.93,8.65,-0.673,-0.518,-0.883,10.09,11.32,7.99,-0.795,-0.643,-1.015
42.2,42.884,42.795,42.842,10.6,11.82,8.52,-0.703,-0.543,-0.919,10.08,11.31,7.97,-0.803,-0.652,-1.021
42.3,42.979,42.905,42.948,10.32,11.55,8.26,-0.763,-0.604,-0.988,10.07,11.31,7.97,-0.81,-0.66,-1.025
42.4,43.075,43.015,43.054,9.99,11.19,7.91,-0.835,-0.691,-1.054,10.08,11.31,7.96,-0.815,-0.667,-1.028
42.5,43.17,43.125,43.16,9.76,10.96,7.69,-0.889,-0.737,-1.092,10.08,11.32,7.97,-0.82,-0.674,-1.029
42.6,43.266,43.235,43.266,9.7,10.95,7.65,-0.905,-0.765,-1.087,10.1,11.33,7.98,-0.823,-0.679,-1.029
42.7,43.361,43.345,43.372,9.8,11.05,7.71,-0.889,-0.765,-1.063,10.12,11.35,8,-0.826,-0.684,-1.028
42.8,43.455,43.449,43.478,9.94,11.2,7.79,-0.863,-0.727,-1.046,10.15,11.38,8.03,-0.827,-0.688,-1.025
42.9,43.544,43.539,43.586,9.99,11.28,7.8,-0.852,-0.721,-1.058,10.19,11.42,8.06,-0.826,-0.69,-1.02
43,43.633,43.628,43.695,9.92,11.22,7.69,-0.868,-0.731,-1.082,10.24,11.47,8.1,-0.822,-0.69,-1.014
43.1,43.723,43.717,43.803,9.8,11.09,7.61,-0.899,-0.761,-1.101,10.3,11.53,8.16,-0.817,-0.688,-1.007
43.2,43.812,43.807,43.911,9.76,10.95,7.59,-0.917,-0.802,-1.123,10.37,11.6,8.23,-0.811,-0.684,-0.998
43.3,43.901,43.896,44.02,9.88,11.09,7.77,-0.907,-0.788,-1.083,10.45,11.68,8.3,-0.803,-0.677,-0.989
43.4,43.99,43.985,44.128,10.19,11.41,8.06,-0.865,-0.748,-1.035,10.53,11.77,8.38,-0.796,-0.67,-0.979
43.5,44.079,44.075,44.236,10.56,11.77,8.42,-0.811,-0.694,-0.971,10.62,11.85,8.46,-0.789,-0.662,-0.97
43.6,44.168,44.164,44.344,10.89,12.07,8.74,-0.762,-0.628,-0.912,10.71,11.94,8.54,-0.783,-0.654,-0.963
43.7,44.257,44.253,44.453,11.15,12.37,9.04,-0.712,-0.581,-0.865,10.78,12.03,8.61,-0.779,-0.647,-0.959
43.8,44.346,44.343,44.561,11.33,12.54,9.18,-0.662,-0.558,-0.837,10.85,12.11,8.66,-0.776,-0.64,-0.958
43.9,44.435,44.432,44.669,11.5,12.7,9.32,-0.61,-0.524,-0.808,10.91,12.19,8.69,-0.775,-0.634,-0.96
44,44.525,44.521,44.778,11.62,12.84,9.43,-0.585,-0.496,-0.8,10.95,12.26,8.7,-0.775,-0.628,-0.966
44.1,44.614,44.611,44.886,11.65,12.89,9.48,-0.605,-0.503,-0.811,10.97,12.33,8.69,-0.777,-0.623,-0.976
44.2,44.703,44.7,44.994,11.62,12.85,9.44,-0.669,-0.53,-0.853,10.98,12.38,8.66,-0.782,-0.619,-0.99
44.3,44.792,44.789,45.102,11.48,12.7,9.31,-0.763,-0.586,-0.907,10.97,12.42,8.6,-0.79,-0.618,-1.01
44.4,44.881,44.879,45.211,11.32,12.58,9.11,-0.842,-0.641,-0.964,10.94,12.45,8.51,-0.803,-0.62,-1.036
44.5,44.97,44.968,45.319,11.12,12.38,8.89,-0.888,-0.685,-1.008,10.87,12.45,8.38,-0.823,-0.627,-1.068
44.6,45.059,45.057,45.427,10.89,12.18,8.61,-0.904,-0.719,-1.056,10.77,12.42,8.23,-0.849,-0.64,-1.108
44.7,45.148,45.147,45.536,10.68,12.23,8.25,-0.892,-0.676,-1.128,10.66,12.38,8.06,-0.881,-0.657,-1.152
44.8,45.237,45.236,45.644,10.53,12.4,7.84,-0.87,-0.631,-1.193,10.53,12.31,7.88,-0.918,-0.679,-1.198
44.9,45.327,45.326,45.752,10.44,12.53,7.48,-0.858,-0.604,-1.257,10.4,12.24,7.71,-0.957,-0.704,-1.246
45,45.416,45.415,45.86,10.4,12.63,7.25,-0.865,-0.601,-1.295,10.28,12.16,7.55,-0.996,-0.731,-1.292
45.1,45.505,45.504,45.969,10.36,12.58,7.2,-0.892,-0.626,-1.313,10.18,12.09,7.42,-1.033,-0.758,-1.334
45.2,45.594,45.594,46.077,10.02,12.19,7.04,-0.988,-0.722,-1.361,10.09,12.04,7.32,-1.067,-0.784,-1.371
45.3,45.683,45.683,46.185,9.65,11.91,6.71,-1.096,-0.787,-1.447,10.04,11.99,7.25,-1.095,-0.809,-1.403
45.4,45.77,45.77,46.279,,,,,,,10,,,-1.119,,
45.5,45.856,45.856,46.359,8.93,11.56,5.65,-1.298,-0.877,-1.715,10,11.96,7.21,-1.137,-0.85,-1.447
45.6,45.943,45.943,46.44,8.91,11.55,5.63,-1.334,-0.896,-1.726,10.02,11.98,7.25,-1.151,-0.866,-1.459
45.7,46.029,46.029,46.521,8.97,11.35,5.88,-1.367,-0.955,-1.707,10.08,12.01,7.32,-1.161,-0.878,-1.465
45.8,46.115,46.115,46.602,9.08,11.14,6.22,-1.408,-1.04,-1.699,10.16,12.07,7.43,-1.165,-0.887,-1.464
45.9,46.201,46.201,46.682,9.28,11.08,6.66,-1.439,-1.088,-1.679,10.28,12.14,7.57,-1.166,-0.891,-1.457
46,46.287,46.287,46.763,9.73,11.25,7.32,-1.406,-1.14,-1.619,10.42,12.24,7.75,-1.16,-0.891,-1.443
46.1,46.373,46.373,46.844,10.29,11.72,7.98,-1.301,-1.078,-1.501,10.59,12.36,7.96,-1.15,-0.886,-1.425
46.2,46.459,46.459,46.924,10.78,12.14,8.48,-1.191,-1.02,-1.409,10.79,12.51,8.2,-1.132,-0.877,-1.401
46.3,46.545,46.545,47.005,11.12,12.55,8.79,-1.113,-0.962,-1.341,11.01,12.68,8.46,-1.11,-0.862,-1.373
46.4,46.631,46.631,47.086,11.27,12.75,8.93,-1.077,-0.924,-1.316,11.25,12.88,8.74,-1.083,-0.845,-1.342
46.5,46.717,46.717,47.167,11.47,12.91,9.16,-1.046,-0.881,-1.272,11.51,13.09,9.02,-1.054,-0.825,-1.311
46.6,46.803,46.803,47.247,11.9,13.3,9.57,-0.971,-0.805,-1.189,11.76,13.31,9.28,-1.026,-0.805,-1.283
46.7,46.889,46.889,47.328,12.45,13.83,10.08,-0.869,-0.701,-1.08,11.99,13.53,9.53,-1,-0.785,-1.258
46.8,46.975,46.975,47.409,12.95,14.36,10.51,-0.778,-0.593,-1.004,12.21,13.74,9.74,-0.977,-0.766,-1.239
46.9,47.061,47.061,47.49,13.26,14.74,10.77,-0.729,-0.506,-0.986,12.4,13.95,9.92,-0.959,-0.748,-1.225
47,47.147,47.147,47.57,13.33,14.83,10.86,-0.733,-0.482,-1.018,12.57,14.14,10.06,-0.946,-0.732,-1.219
47.1,47.233,47.233,47.651,13.27,14.79,10.79,-0.77,-0.512,-1.086,12.7,14.31,10.16,-0.938,-0.719,-1.219
47.2,47.319,47.319,47.732,13.23,14.75,10.73,-0.821,-0.597,-1.149,12.8,14.45,10.22,-0.937,-0.71,-1.226
47.3,47.407,47.407,47.813,13.25,14.71,10.76,-0.877,-0.703,-1.181,12.8,14.51,10.17,-0.954,-0.716,-1.254
47.4,47.496,47.496,47.895,13.31,14.77,10.86,-0.921,-0.76,-1.196,12.79,14.56,10.12,-0.971,-0.723,-1.281
47.5,47.585,47.585,47.977,13.4,14.93,10.92,-0.95,-0.77,-1.227,12.82,14.65,10.11,-0.981,-0.723,-1.301
47.6,47.675,47.675,48.059,13.48,15.22,10.79,-0.969,-0.729,-1.279,12.84,14.72,10.08,-0.995,-0.728,-1.325
47.7,47.764,47.764,48.141,13.41,15.45,10.46,-0.999,-0.683,-1.354,12.84,14.78,10.04,-1.01,-0.734,-1.351
47.8,47.853,47.853,48.223,13.21,15.39,10.19,-1.027,-0.712,-1.381,12.84,14.84,10,-1.025,-0.74,-1.374
47.9,47.942,47.942,48.305,12.92,15.19,9.88,-1.074,-0.756,-1.438,12.85,14.9,9.96,-1.037,-0.744,-1.393
48,48.032,48.032,48.387,12.56,14.85,9.59,-1.134,-0.806,-1.478,12.87,14.96,9.94,-1.047,-0.746,-1.407
48.1,48.121,48.121,48.469,12.28,14.57,9.22,-1.177,-0.839,-1.553,12.88,15.02,9.91,-1.055,-0.749,-1.418
48.2,48.21,48.21,48.551,12.11,14.46,9.04,-1.194,-0.828,-1.591,12.89,15.06,9.89,-1.065,-0.753,-1.43
48.3,48.299,48.299,48.633,12.03,14.39,8.93,-1.197,-0.835,-1.641,12.88,15.09,9.85,-1.077,-0.759,-1.442
48.4,48.388,48.388,48.715,12.01,14.37,8.92,-1.205,-0.87,-1.648,12.86,15.1,9.8,-1.091,-0.768,-1.456
48.5,48.478,48.478,48.797,12.17,14.53,9.13,-1.196,-0.869,-1.606,12.83,15.1,9.75,-1.104,-0.776,-1.469
48.6,48.567,48.567,48.879,,,,,,,12.8,,,-1.115,,
48.7,48.661,48.661,48.974,,,,,,,12.78,,,-1.123,,
48.8,48.755,48.755,49.069,,,,,,,12.77,,,-1.127,,
48.9,48.849,48.849,49.164,,,,,,,12.79,,,-1.125,,
49,48.943,48.943,49.26,14.33,16.87,10.86,-0.844,-0.484,-1.239,12.83,15.2,9.69,-1.119,-0.785,-1.479
49.1,49.037,49.037,49.355,14.11,16.57,10.72,-0.901,-0.551,-1.27,12.9,15.27,9.75,-1.107,-0.775,-1.464
49.2,49.131,49.131,49.45,13.67,16.07,10.41,-1.003,-0.664,-1.335,12.99,15.36,9.85,-1.091,-0.761,-1.444
49.3,49.225,49.225,49.545,13.03,15.37,9.84,-1.145,-0.812,-1.464,13.1,15.48,9.96,-1.072,-0.745,-1.42
49.4,49.319,49.319,49.64,12.32,14.69,9.18,-1.299,-0.934,-1.609,13.22,15.6,10.08,-1.051,-0.727,-1.393
49.5,49.416,49.416,49.728,11.82,14.25,8.61,-1.398,-1.021,-1.735,13.36,15.73,10.22,-1.028,-0.707,-1.363
49.6,49.514,49.514,49.812,11.76,14.22,8.6,-1.394,-1.032,-1.732,13.5,15.87,10.37,-1.004,-0.686,-1.332
49.7,49.613,49.613,49.897,12.11,14.48,9.09,-1.29,-0.986,-1.613,13.64,16.01,10.53,-0.98,-0.664,-1.301
49.8,49.712,49.712,49.981,12.69,14.97,9.75,-1.136,-0.871,-1.442,13.78,16.14,10.68,-0.956,-0.643,-1.272
49.9,49.81,49.81,50.066,13.31,15.73,10.31,-0.983,-0.7,-1.319,13.91,16.27,10.82,-0.935,-0.625,-1.246
50,49.909,49.909,50.15,13.9,16.24,10.87,-0.851,-0.589,-1.17,14.02,16.37,10.94,-0.918,-0.61,-1.225
50.1,50.007,50.007,50.235,14.53,16.83,11.55,-0.726,-0.467,-1.02,14.11,16.46,11.04,-0.905,-0.599,-1.209
50.2,50.106,50.106,50.319,15.24,17.48,12.29,-0.592,-0.333,-0.863,14.23,16.57,11.17,-0.884,-0.582,-1.185
50.3,50.204,50.204,50.404,15.9,18.2,12.88,-0.469,-0.194,-0.751,14.37,16.7,11.32,-0.859,-0.56,-1.156
50.4,50.303,50.303,50.488,16.33,18.66,13.33,-0.402,-0.113,-0.687,14.44,16.78,11.41,-0.846,-0.55,-1.144
50.5,50.401,50.401,50.573,16.33,18.64,13.35,-0.446,-0.162,-0.716,14.51,16.84,11.47,-0.834,-0.543,-1.133
50.6,50.5,50.5,50.657,15.93,18.12,13.04,-0.586,-0.317,-0.821,14.55,16.89,11.52,-0.825,-0.538,-1.126
50.7,50.598,50.598,50.742,15.41,17.56,12.44,-0.75,-0.474,-0.996,14.58,16.92,11.56,-0.819,-0.536,-1.122
50.8,50.7,50.7,50.846,14.92,17.27,11.82,-0.895,-0.556,-1.168,14.59,16.93,11.57,-0.818,-0.538,-1.123
50.9,50.802,50.802,50.96,14.67,17.14,11.44,-0.967,-0.575,-1.269,14.58,16.93,11.56,-0.821,-0.543,-1.127
51,50.904,50.904,51.024,14.61,17.08,11.38,-0.964,-0.589,-1.277,14.55,16.9,11.53,-0.829,-0.552,-1.135
51.1,51.005,51.005,51.081,14.35,16.75,11.24,-0.978,-0.644,-1.285,14.51,16.87,11.49,-0.839,-0.562,-1.145
51.2,51.109,51.109,51.162,13.8,16.09,10.74,-1.034,-0.759,-1.358,14.47,16.83,11.45,-0.85,-0.572,-1.156
51.3,51.212,51.212,51.242,13.18,15.53,10.17,-1.082,-0.854,-1.433,14.42,16.8,11.4,-0.859,-0.581,-1.165
51.4,51.315,51.315,51.322,12.78,15.21,9.82,-1.075,-0.894,-1.471,14.39,16.78,11.37,-0.864,-0.585,-1.169
51.5,51.419,51.419,51.402,12.88,15.36,9.9,-1.003,-0.837,-1.415,14.39,16.79,11.36,-0.861,-0.582,-1.165
51.6,51.522,51.522,51.483,13.39,15.77,10.49,-0.908,-0.736,-1.285,14.41,16.83,11.39,-0.85,-0.571,-1.152
51.7,51.625,51.625,51.563,14.01,16.38,11.14,-0.833,-0.608,-1.162,14.48,16.9,11.45,-0.83,-0.551,-1.13
51.8,51.729,51.729,51.643,14.5,16.91,11.56,-0.798,-0.519,-1.078,14.57,17,11.54,-0.803,-0.525,-1.101
51.9,51.832,51.832,51.723,14.78,17.21,11.83,-0.795,-0.478,-1.036,14.67,17.12,11.64,-0.773,-0.494,-1.067
52,51.937,51.937,51.832,14.91,17.31,11.94,-0.795,-0.467,-1.021,14.78,17.24,11.75,-0.743,-0.464,-1.033
52.1,52.043,52.043,51.941,14.96,17.3,11.91,-0.786,-0.477,-1.028,14.88,17.35,11.84,-0.718,-0.436,-1.002
52.2,52.148,52.148,52.051,14.96,17.43,11.84,-0.766,-0.449,-1.025,14.96,17.44,11.92,-0.698,-0.413,-0.977
52.3,52.253,52.253,52.16,15.03,17.62,11.84,-0.725,-0.401,-1.003,15.02,17.51,11.97,-0.683,-0.395,-0.957
52.4,52.359,52.359,52.269,15.44,18.02,12.28,-0.613,-0.307,-0.889,15.06,17.56,12.01,-0.673,-0.38,-0.942
52.5,52.464,52.464,52.378,16.19,18.69,13.17,-0.435,-0.15,-0.68,15.09,17.6,12.03,-0.665,-0.368,-0.93
52.6,52.569,52.569,52.488,16.94,19.46,13.96,-0.264,0.038,-0.497,15.12,17.64,12.05,-0.658,-0.357,-0.92
52.7,52.686,52.686,52.597,17.32,19.96,14.25,-0.173,0.146,-0.419,15.15,17.68,12.06,-0.65,-0.346,-0.91
52.8,52.814,52.814,52.707,16.98,19.59,13.87,-0.237,0.073,-0.494,15.18,17.72,12.08,-0.64,-0.333,-0.899
52.9,52.941,52.941,52.816,16.02,18.56,12.89,-0.435,-0.142,-0.694,15.21,17.77,12.1,-0.628,-0.319,-0.887
53,53.069,53.069,52.926,14.76,17.27,11.7,-0.698,-0.41,-0.95,15.25,17.81,12.13,-0.614,-0.304,-0.875
53.1,53.181,53.181,53.007,13.54,16.1,10.44,-0.956,-0.653,-1.211,15.28,17.85,12.15,-0.601,-0.29,-0.862
53.2,53.313,53.313,53.156,12.75,15.38,9.58,-1.125,-0.803,-1.391,15.31,17.88,12.17,-0.589,-0.277,-0.851
53.3,53.431,53.431,53.267,12.78,15.37,9.63,-1.118,-0.801,-1.383,15.32,17.89,12.17,-0.579,-0.267,-0.841
53.4,53.54,53.54,53.392,13.64,16.12,10.49,-0.932,-0.644,-1.194,15.33,17.89,12.17,-0.571,-0.26,-0.832
53.5,53.648,53.648,53.516,14.79,17.26,11.67,-0.684,-0.4,-0.95,15.32,17.87,12.16,-0.563,-0.255,-0.824
53.6,53.757,53.757,53.641,15.8,18.4,12.58,-0.47,-0.156,-0.761,15.31,17.83,12.15,-0.554,-0.252,-0.815
53.7,53.866,53.866,53.766,16.27,19,13.03,-0.374,-0.031,-0.664,15.3,17.78,12.15,-0.546,-0.251,-0.804
53.8,53.974,53.974,53.89,16.33,19.07,13.09,-0.371,-0.008,-0.653,15.28,17.73,12.15,-0.536,-0.25,-0.79
53.9,54.083,54.083,54.003,16.34,19.08,13.09,-0.372,-0.006,-0.635,15.27,17.68,12.17,-0.525,-0.25,-0.773
54,54.193,54.193,54.115,16.34,19.06,13.11,-0.357,0.009,-0.603,15.27,17.63,12.2,-0.513,-0.249,-0.754
54.1,54.302,54.302,54.227,16.22,18.58,13.01,-0.345,-0.055,-0.58,15.28,17.58,12.25,-0.5,-0.248,-0.731
54.2,54.411,54.411,54.339,16.07,18.23,13,-0.33,-0.082,-0.549,15.29,17.54,12.3,-0.486,-0.247,-0.706
54.3,54.52,54.52,54.451,,,,,,,15.3,,,-0.471,,
54.4,54.629,54.629,54.563,15.68,17.95,12.34,-0.318,-0.076,-0.623,15.31,17.44,12.42,-0.457,-0.246,-0.653
54.5,54.738,54.738,54.675,15.5,17.58,12.37,-0.324,-0.138,-0.599,15.32,17.39,12.47,-0.443,-0.246,-0.627
54.6,54.847,54.847,54.787,15.29,17.27,12.42,-0.351,-0.203,-0.573,15.32,17.33,12.53,-0.429,-0.247,-0.6
54.7,54.956,54.956,54.899,14.98,16.74,12.33,-0.416,-0.314,-0.582,15.33,17.28,12.59,-0.414,-0.248,-0.573
54.8,55.066,55.066,55.011,14.51,16.16,12.11,-0.533,-0.454,-0.626,15.35,17.24,12.66,-0.397,-0.246,-0.542
54.9,55.175,55.175,55.123,14.01,15.61,11.66,-0.663,-0.58,-0.733,15.39,17.22,12.76,-0.375,-0.239,-0.509
55,55.284,55.284,55.236,13.7,15.32,11.32,-0.75,-0.648,-0.813,15.45,17.23,12.87,-0.349,-0.226,-0.47
55.1,55.393,55.393,55.348,13.78,15.39,11.4,-0.741,-0.631,-0.794,15.55,17.29,13.02,-0.317,-0.206,-0.427
55.2,55.502,55.502,55.46,14.32,15.86,11.95,-0.618,-0.527,-0.666,15.69,17.39,13.2,-0.278,-0.176,-0.377
55.3,55.611,55.611,55.572,15.12,16.66,12.76,-0.419,-0.344,-0.477,15.86,17.54,13.4,-0.231,-0.137,-0.322
55.4,55.72,55.72,55.684,15.92,17.46,13.62,-0.214,-0.16,-0.278,16.07,17.72,13.63,-0.177,-0.09,-0.263
55.5,55.83,55.83,55.796,16.57,18.16,14.26,-0.057,-0.007,-0.127,16.29,17.93,13.88,-0.119,-0.035,-0.2
55.6,55.939,55.939,55.908,17.07,18.73,14.74,0.057,0.126,-0.008,16.53,18.17,14.12,-0.056,0.025,-0.136
55.7,56.048,56.048,56.02,17.37,19.03,15.05,0.119,0.191,0.065,16.77,18.42,14.36,0.007,0.089,-0.073
55.8,56.157,56.157,56.132,17.46,19.12,15.17,0.129,0.22,0.099,17.01,18.67,14.59,0.071,0.155,-0.012
55.9,56.266,56.266,56.244,17.62,19.26,15.3,0.166,0.267,0.143,17.24,18.92,14.79,0.133,0.222,0.044
56,56.375,56.375,56.356,17.88,19.45,15.55,0.249,0.331,0.204,17.44,19.16,14.95,0.191,0.287,0.094
56.1,56.484,56.484,56.468,18.24,19.86,15.79,0.37,0.437,0.28,17.6,19.36,15.07,0.241,0.346,0.135
56.2,56.594,56.594,56.58,18.68,20.31,16.19,0.51,0.563,0.382,17.71,19.52,15.14,0.281,0.395,0.165
56.3,56.703,56.703,56.692,18.91,20.55,16.38,0.594,0.639,0.449,17.76,19.62,15.14,0.31,0.434,0.182
56.4,56.812,56.812,56.804,18.92,20.59,16.4,0.616,0.665,0.468,17.75,19.66,15.08,0.325,0.46,0.186
56.5,56.921,56.921,56.916,18.91,20.63,16.35,0.611,0.691,0.472,17.67,19.64,14.95,0.328,0.475,0.177
56.6,57.03,57.03,57.028,18.74,20.56,16.1,0.564,0.696,0.442,17.54,19.57,14.76,0.32,0.478,0.158
56.7,57.139,57.139,57.139,18.36,20.43,15.56,0.481,0.678,0.333,17.36,19.45,14.54,0.303,0.473,0.13
56.8,57.246,57.246,57.246,17.97,20.29,15.08,0.413,0.67,0.24,17.15,19.29,14.28,0.279,0.461,0.096
56.9,57.354,57.354,57.354,17.61,20.1,14.41,0.361,0.636,0.114,16.92,19.11,14,0.251,0.445,0.058
57,57.462,57.462,57.462,17.31,19.88,13.91,0.325,0.6,0.032,16.67,18.92,13.71,0.218,0.424,0.018
57.1,57.57,57.57,57.57,16.92,19.43,13.6,0.273,0.529,-0.011,16.41,18.71,13.42,0.184,0.401,-0.023
57.2,57.678,57.678,57.678,16.26,18.74,13.06,0.166,0.406,-0.089,16.16,18.5,13.13,0.149,0.377,-0.063
57.3,57.786,57.786,57.786,15.37,17.82,12.29,0.011,0.246,-0.217,15.9,18.29,12.85,0.113,0.351,-0.102
57.4,57.895,57.895,57.895,14.47,16.96,11.31,-0.144,0.1,-0.386,15.66,18.08,12.59,0.08,0.326,-0.139
57.5,58.004,58.004,58.004,13.81,16.42,10.56,-0.256,0.018,-0.506,15.43,17.89,12.35,0.051,0.304,-0.17
57.6,58.112,58.112,58.112,13.49,16.21,10.23,-0.305,-0.004,-0.55,15.24,17.72,12.15,0.027,0.285,-0.194
57.7,58.221,58.221,58.221,13.59,16.19,10.45,-0.274,0.014,-0.493,15.09,17.58,11.99,0.013,0.274,-0.209
57.8,58.33,58.33,58.33,13.94,16.41,10.93,-0.191,0.075,-0.381,15,17.51,11.91,0.01,0.274,-0.211
57.9,58.438,58.438,58.438,14.31,16.7,11.3,-0.101,0.156,-0.294,14.98,17.49,11.89,0.02,0.285,-0.199
58,58.547,58.547,58.547,14.59,17.06,11.58,-0.028,0.244,-0.232,15.03,17.54,11.95,0.043,0.31,-0.172
58.1,58.656,58.656,58.656,14.71,17.2,11.69,0.009,0.282,-0.203,15.14,17.65,12.07,0.08,0.347,-0.133
58.2,58.764,58.764,58.764,14.71,17.18,11.67,0.021,0.285,-0.199,15.32,17.83,12.25,0.126,0.394,-0.084
58.3,58.873,58.873,58.873,14.67,17.09,11.65,0.02,0.257,-0.191,15.53,18.04,12.47,0.18,0.449,-0.029
58.4,58.975,58.975,58.975,14.6,17.03,11.68,0.009,0.246,-0.168,15.77,18.28,12.71,0.238,0.508,0.03
58.5,59.053,59.053,59.053,14.63,17.17,11.69,0.018,0.28,-0.158,16.01,18.52,12.95,0.296,0.567,0.088
58.6,59.131,59.131,59.131,15.03,17.64,11.98,0.105,0.397,-0.102,16.25,18.77,13.2,0.353,0.624,0.144
58.7,59.208,59.208,59.208,15.98,18.58,12.9,0.306,0.619,0.094,16.48,19,13.42,0.405,0.678,0.195
58.8,59.302,59.302,59.303,17.41,19.94,14.33,0.609,0.898,0.401,16.7,19.23,13.63,0.453,0.728,0.241
58.9,59.404,59.404,59.407,18.86,21.3,15.72,0.916,1.172,0.705,16.9,19.43,13.82,0.496,0.774,0.281
59,59.506,59.506,59.512,19.74,22.19,16.64,1.103,1.358,0.908,17.08,19.63,13.99,0.535,0.815,0.316
59.1,59.609,59.609,59.616,19.82,22.27,16.74,1.125,1.378,0.931,17.25,19.81,14.15,0.568,0.852,0.346
59.2,59.711,59.711,59.72,19.18,21.66,16.08,0.996,1.257,0.778,17.39,19.96,14.27,0.595,0.881,0.369
59.3,59.814,59.814,59.825,18.27,20.86,15.23,0.811,1.092,0.597,17.49,20.08,14.37,0.613,0.902,0.385
59.4,59.916,59.916,59.929,17.55,20.18,14.42,0.66,0.957,0.413,17.56,20.15,14.42,0.621,0.912,0.39
59.5,60.019,60.019,60.034,17.13,19.87,13.93,0.564,0.892,0.292,17.56,20.15,14.41,0.616,0.907,0.382
59.6,60.121,60.121,60.138,17.08,19.71,13.89,0.541,0.855,0.278,17.49,20.09,14.33,0.595,0.887,0.36
59.7,60.223,60.223,60.242,17.28,19.84,14.27,0.565,0.858,0.345,17.36,19.96,14.19,0.559,0.85,0.323
59.8,60.326,60.326,60.347,17.52,20.12,14.32,0.594,0.893,0.348,17.15,19.76,13.97,0.507,0.798,0.272
59.9,60.428,60.428,60.451,17.74,20.48,14.49,0.619,0.943,0.365,16.89,19.5,13.71,0.444,0.734,0.209
60,60.531,60.531,60.555,17.77,20.56,14.41,0.61,0.95,0.319,16.59,19.21,13.4,0.373,0.662,0.139
60.1,60.633,60.633,60.66,17.53,20.28,14.21,0.548,0.888,0.26,16.28,18.91,13.09,0.3,0.588,0.067
60.2,60.736,60.736,60.764,17.07,19.73,13.77,0.44,0.743,0.164,15.99,18.62,12.8,0.229,0.516,-0.001
60.3,60.838,60.838,60.869,16.41,18.94,13.2,0.286,0.548,0.049,15.74,18.37,12.54,0.165,0.45,-0.063
60.4,60.941,60.941,60.973,15.63,18.17,12.48,0.11,0.368,-0.092,15.52,18.16,12.32,0.109,0.392,-0.116
60.5,61.043,61.043,61.077,14.85,17.37,11.73,-0.059,0.185,-0.245,15.35,17.98,12.15,0.061,0.341,-0.16
60.6,61.145,61.145,61.182,14.09,16.6,10.99,-0.22,0.022,-0.4,15.21,17.84,12.01,0.02,0.296,-0.197
60.7,61.248,61.248,61.286,13.38,15.92,10.33,-0.364,-0.114,-0.532,15.11,17.74,11.92,-0.014,0.259,-0.227
60.8,61.35,61.35,61.391,12.82,15.43,9.63,-0.477,-0.224,-0.676,15.04,17.66,11.85,-0.041,0.228,-0.25
60.9,61.453,61.453,61.495,12.45,15.22,9.17,-0.555,-0.274,-0.781,15.01,17.63,11.83,-0.061,0.206,-0.266
61,61.555,61.555,61.599,12.47,15.29,9.16,-0.559,-0.266,-0.782,15.02,17.64,11.84,-0.072,0.193,-0.273
61.1,61.658,61.658,61.704,13.13,15.81,9.87,-0.439,-0.168,-0.644,15.08,17.7,11.9,-0.074,0.191,-0.272
61.2,61.76,61.76,61.808,14.2,16.78,11.09,-0.243,0.005,-0.416,15.32,17.94,12.13,-0.038,0.229,-0.238
61.3,61.862,61.862,61.913,15.27,17.89,12.15,-0.052,0.206,-0.23,15.56,18.19,12.36,0,0.268,-0.202
61.4,61.965,61.965,62.017,16.06,18.7,12.91,0.081,0.345,-0.102,15.81,18.44,12.6,0.038,0.309,-0.167
61.5,62.067,62.067,62.121,16.34,18.95,13.15,0.113,0.371,-0.084,16.06,18.7,12.85,0.078,0.351,-0.129
61.6,62.17,62.17,62.226,16.4,18.86,13.29,0.104,0.332,-0.069,16.32,18.96,13.1,0.12,0.395,-0.09
61.7,62.265,62.265,62.316,16.59,19.12,13.46,0.128,0.367,-0.051,16.59,19.24,13.36,0.163,0.44,-0.049
61.8,62.354,62.354,62.392,16.97,19.53,13.79,0.193,0.447,0.013,16.87,19.53,13.63,0.209,0.488,-0.007
61.9,62.443,62.443,62.467,17.47,20.09,14.3,0.288,0.573,0.105,17.16,19.82,13.91,0.255,0.537,0.037
62,62.532,62.532,62.545,17.95,20.66,14.68,0.384,0.686,0.168,17.46,20.12,14.2,0.304,0.588,0.082
62.1,62.619,62.619,62.635,18.32,21.05,15.01,0.458,0.774,0.233,17.76,20.43,14.49,0.353,0.64,0.128
62.2,62.706,62.706,62.725,18.53,21.24,15.15,0.505,0.814,0.256,18.07,20.74,14.79,0.404,0.694,0.176
62.3,62.793,62.793,62.815,18.6,21.32,15.23,0.53,0.839,0.254,18.39,21.06,15.1,0.456,0.748,0.224
62.4,62.88,62.88,62.905,18.6,21.33,15.23,0.546,0.845,0.248,18.7,21.39,15.4,0.51,0.804,0.274
